timestamp,usage_kwh,temperature_f,customer_id,hour,day_of_week,usage_per_customer,peak_usage
2026-01-01 00:00:00,53.548744987627856,83.03962322487524,cust_000000,0,3,53.548744987627856,False
2026-01-01 01:00:00,54.37266226896203,67.51848933875763,cust_000001,1,3,54.37266226896203,False
2026-01-01 02:00:00,83.2451665749779,40.354155596707294,cust_000002,2,3,83.2451665749779,True
2026-01-01 03:00:00,52.05332375745118,96.92862870031526,cust_000003,3,3,52.05332375745118,False
2026-01-01 04:00:00,48.42936387622533,72.77094248519955,cust_000004,4,3,48.42936387622533,False
2026-01-01 05:00:00,68.54710992147176,42.344006003534744,cust_000005,5,3,68.54710992147176,False
2026-01-01 06:00:00,73.1427961106719,12.601388601746564,cust_000006,6,3,73.1427961106719,True
2026-01-01 07:00:00,34.86290654021324,82.32345150414449,cust_000007,7,3,34.86290654021324,False
2026-01-01 08:00:00,55.89491541632484,48.21725328194646,cust_000008,8,3,55.89491541632484,False
2026-01-01 09:00:00,80.85886743123615,67.85599403050072,cust_000009,9,3,80.85886743123615,True
2026-01-01 10:00:00,59.004412378540984,75.9570379228346,cust_000010,10,3,59.004412378540984,False
2026-01-01 11:00:00,36.325703133763426,47.98861509291615,cust_000011,11,3,36.325703133763426,False
2026-01-01 12:00:00,28.61015256062526,57.08518745602104,cust_000012,12,3,28.61015256062526,False
2026-01-01 13:00:00,29.321601393601128,65.20661400470284,cust_000013,13,3,29.321601393601128,False
2026-01-01 14:00:00,31.149666053768,54.550936329984054,cust_000014,14,3,31.149666053768,False
2026-01-01 15:00:00,50.646892560905194,75.1953866188722,cust_000015,15,3,50.646892560905194,False
2026-01-01 16:00:00,58.15741191072228,61.045429722444496,cust_000016,16,3,58.15741191072228,False
2026-01-01 17:00:00,53.914220313563675,62.32948781273424,cust_000017,17,3,53.914220313563675,False
2026-01-01 18:00:00,45.63828456090484,60.67516727631205,cust_000018,18,3,45.63828456090484,False
2026-01-01 19:00:00,49.498213143306906,36.822109314320635,cust_000019,19,3,49.498213143306906,False
2026-01-01 20:00:00,72.88739245019748,81.76004001427022,cust_000020,20,3,72.88739245019748,True
2026-01-01 21:00:00,57.153062862867365,73.44998060868268,cust_000021,21,3,57.153062862867365,False
2026-01-01 22:00:00,41.24064528451488,93.5689587421108,cust_000022,22,3,41.24064528451488,False
2026-01-01 23:00:00,68.9804167269458,80.69585633816523,cust_000023,23,3,68.9804167269458,False
2026-01-02 00:00:00,43.37590356427063,68.68346617788065,cust_000024,0,4,43.37590356427063,False
2026-01-02 01:00:00,44.855932298978,50.56890224870668,cust_000025,1,4,44.855932298978,False
2026-01-02 02:00:00,56.48920878274136,57.96798072296384,cust_000026,2,4,56.48920878274136,False
2026-01-02 03:00:00,44.17377606860322,74.07998427287345,cust_000027,3,4,44.17377606860322,False
2026-01-02 04:00:00,45.49747247367214,57.610549839793705,cust_000028,4,4,45.49747247367214,False
2026-01-02 05:00:00,69.13877475349315,75.20599010598436,cust_000029,5,4,69.13877475349315,True
2026-01-02 06:00:00,38.77607131187388,79.1027545976391,cust_000030,6,4,38.77607131187388,False
2026-01-02 07:00:00,16.489333766887718,77.08423507164414,cust_000031,7,4,16.489333766887718,False
2026-01-02 08:00:00,41.33863099707891,106.08395600682864,cust_000032,8,4,41.33863099707891,False
2026-01-02 09:00:00,48.07723041284961,81.01697863477222,cust_000033,9,4,48.07723041284961,False
2026-01-02 10:00:00,22.6150553353867,52.13861701900271,cust_000034,10,4,22.6150553353867,False
2026-01-02 11:00:00,39.51090332907742,66.25483467211345,cust_000035,11,4,39.51090332907742,False
2026-01-02 12:00:00,52.69019810197056,76.14568799532512,cust_000036,12,4,52.69019810197056,False
2026-01-02 13:00:00,43.86465450217735,108.51022416094013,cust_000037,13,4,43.86465450217735,False
2026-01-02 14:00:00,52.718152278841096,74.90493951852253,cust_000038,14,4,52.718152278841096,False
2026-01-02 15:00:00,64.3500140983649,99.85327061809753,cust_000039,15,4,64.3500140983649,False
2026-01-02 16:00:00,44.51996363692898,34.830409817053635,cust_000040,16,4,44.51996363692898,False
2026-01-02 17:00:00,65.62970825594088,78.89790421587823,cust_000041,17,4,65.62970825594088,False
2026-01-02 18:00:00,19.10330461855463,74.83059156108047,cust_000042,18,4,19.10330461855463,False
2026-01-02 19:00:00,57.48097126860673,86.82261576285782,cust_000043,19,4,57.48097126860673,False
2026-01-02 20:00:00,48.73223549876928,87.3279513591744,cust_000044,20,4,48.73223549876928,False
2026-01-02 21:00:00,34.377958052101114,56.511820550653894,cust_000045,21,4,34.377958052101114,False
2026-01-02 22:00:00,44.85170557986986,51.829932695544514,cust_000046,22,4,44.85170557986986,False
2026-01-02 23:00:00,68.58294660227092,67.0025541169767,cust_000047,23,4,68.58294660227092,False
2026-01-03 00:00:00,33.20111544832952,78.33291101378197,cust_000048,0,5,33.20111544832952,False
2026-01-03 01:00:00,71.81495005399006,34.23496171686476,cust_000049,1,5,71.81495005399006,True
2026-01-03 02:00:00,49.26038094138525,44.49872711124717,cust_000050,2,5,49.26038094138525,False
2026-01-03 03:00:00,42.57694591733685,20.966123395747132,cust_000051,3,5,42.57694591733685,False
2026-01-03 04:00:00,50.17301956157139,68.41074933159248,cust_000052,4,5,50.17301956157139,False
2026-01-03 05:00:00,47.34457775783795,93.42892656764448,cust_000053,5,5,47.34457775783795,False
2026-01-03 06:00:00,42.04928324492237,43.468822969659385,cust_000054,6,5,42.04928324492237,False
2026-01-03 07:00:00,39.49650747606541,52.05442273234083,cust_000055,7,5,39.49650747606541,False
2026-01-03 08:00:00,50.8542940767539,88.91576473019354,cust_000056,8,5,50.8542940767539,False
2026-01-03 09:00:00,66.9764409988401,36.12146960354629,cust_000057,9,5,66.9764409988401,False
2026-01-03 10:00:00,44.681546217652944,52.47646726419365,cust_000058,10,5,44.681546217652944,False
2026-01-03 11:00:00,44.80521972647701,48.467454999048734,cust_000059,11,5,44.80521972647701,False
2026-01-03 12:00:00,50.4214174328673,100.55596853667848,cust_000060,12,5,50.4214174328673,False
2026-01-03 13:00:00,38.173200688808286,63.83186609370235,cust_000061,13,5,38.173200688808286,False
2026-01-03 14:00:00,45.36297078521647,51.76696577724287,cust_000062,14,5,45.36297078521647,False
2026-01-03 15:00:00,71.7223797132181,59.71774205866045,cust_000063,15,5,71.7223797132181,True
2026-01-03 16:00:00,25.402134377274816,59.62382192493891,cust_000064,16,5,25.402134377274816,False
2026-01-03 17:00:00,48.162480176402575,64.60901285429998,cust_000065,17,5,48.162480176402575,False
2026-01-03 18:00:00,53.599286121538455,80.71302396028156,cust_000066,18,5,53.599286121538455,False
2026-01-03 19:00:00,47.3100866626775,77.75229793203577,cust_000067,19,5,47.3100866626775,False
2026-01-03 20:00:00,64.48636333872112,41.55883137843648,cust_000068,20,5,64.48636333872112,False
2026-01-03 21:00:00,27.97301483385663,54.18508456562403,cust_000069,21,5,27.97301483385663,False
2026-01-03 22:00:00,47.57423908150285,90.0194540663017,cust_000070,22,5,47.57423908150285,False
2026-01-03 23:00:00,49.37553112438757,80.03638847742054,cust_000071,23,5,49.37553112438757,False
2026-01-04 00:00:00,49.88011329144982,56.12643905038206,cust_000072,0,6,49.88011329144982,False
2026-01-04 01:00:00,54.2927820984443,77.06344426757651,cust_000073,1,6,54.2927820984443,False
2026-01-04 02:00:00,57.744599442084585,59.48624644747788,cust_000074,2,6,57.744599442084585,False
2026-01-04 03:00:00,42.37013693236486,56.56836945692697,cust_000075,3,6,42.37013693236486,False
2026-01-04 04:00:00,54.66982698337601,46.27971210481142,cust_000076,4,6,54.66982698337601,False
2026-01-04 05:00:00,58.47362193519874,66.91560323587039,cust_000077,5,6,58.47362193519874,False
2026-01-04 06:00:00,30.493011887442268,100.25322432736805,cust_000078,6,6,30.493011887442268,False
2026-01-04 07:00:00,76.36858779010464,82.65009223939597,cust_000079,7,6,76.36858779010464,True
2026-01-04 08:00:00,50.453222863466905,58.512739012514245,cust_000080,8,6,50.453222863466905,False
2026-01-04 09:00:00,53.53276342812019,104.94435870586928,cust_000081,9,6,53.53276342812019,False
2026-01-04 10:00:00,16.363013654877513,63.688599548546335,cust_000082,10,6,16.363013654877513,False
2026-01-04 11:00:00,49.735135914974386,56.854080326944626,cust_000083,11,6,49.735135914974386,False
2026-01-04 12:00:00,63.56099069675017,63.18001593237929,cust_000084,12,6,63.56099069675017,False
2026-01-04 13:00:00,46.8486369955054,55.40658481958493,cust_000085,13,6,46.8486369955054,False
2026-01-04 14:00:00,30.52948628522128,75.89528584417798,cust_000086,14,6,30.52948628522128,False
2026-01-04 15:00:00,32.603184731033835,30.958951343688355,cust_000087,15,6,32.603184731033835,False
2026-01-04 16:00:00,43.828498505360535,54.0808547610621,cust_000088,16,6,43.828498505360535,False
2026-01-04 17:00:00,56.95289829151877,53.81155939214483,cust_000089,17,6,56.95289829151877,False
2026-01-04 18:00:00,77.2752415627063,59.58521110308074,cust_000090,18,6,77.2752415627063,True
2026-01-04 19:00:00,35.05272777681344,67.71320712750482,cust_000091,19,6,35.05272777681344,False
2026-01-04 20:00:00,39.33107070413752,55.64346627372943,cust_000092,20,6,39.33107070413752,False
2026-01-04 21:00:00,30.58412611053923,44.45661143980148,cust_000093,21,6,30.58412611053923,False
2026-01-04 22:00:00,46.23657159976767,14.229119167758498,cust_000094,22,6,46.23657159976767,False
2026-01-04 23:00:00,62.93820424126007,43.917648648684626,cust_000095,23,6,62.93820424126007,False
2026-01-05 00:00:00,56.37824557826634,52.799383185227605,cust_000096,0,0,56.37824557826634,False
2026-01-05 01:00:00,37.67550716685409,75.97703483273749,cust_000097,1,0,37.67550716685409,False
2026-01-05 02:00:00,44.5552240669389,26.15268631686878,cust_000098,2,0,44.5552240669389,False
2026-01-05 03:00:00,64.60275769820917,69.12639400661212,cust_000099,3,0,64.60275769820917,False
2026-01-05 04:00:00,70.04165705432472,51.0600674136752,cust_000100,4,0,70.04165705432472,True
2026-01-05 05:00:00,29.605836221851504,65.63187799342037,cust_000101,5,0,29.605836221851504,False
2026-01-05 06:00:00,53.8595040273141,66.21663839370893,cust_000102,6,0,53.8595040273141,False
2026-01-05 07:00:00,46.42119793652484,69.02744843582232,cust_000103,7,0,46.42119793652484,False
2026-01-05 08:00:00,57.27977785069266,90.56607370988088,cust_000104,8,0,57.27977785069266,False
2026-01-05 09:00:00,53.5912914758546,77.33278895533662,cust_000105,9,0,53.5912914758546,False
2026-01-05 10:00:00,36.35715796212514,48.91348012084702,cust_000106,10,0,36.35715796212514,False
2026-01-05 11:00:00,70.26111038784117,75.48648662796698,cust_000107,11,0,70.26111038784117,True
2026-01-05 12:00:00,60.357500709465995,47.02371083289097,cust_000108,12,0,60.357500709465995,False
2026-01-05 13:00:00,43.55119603829376,55.15832018492349,cust_000109,13,0,43.55119603829376,False
2026-01-05 14:00:00,75.98557042395613,62.70166310130102,cust_000110,14,0,75.98557042395613,True
2026-01-05 15:00:00,39.076761907217666,82.97187191039899,cust_000111,15,0,39.076761907217666,False
2026-01-05 16:00:00,50.55579027981043,94.05280150450427,cust_000112,16,0,50.55579027981043,False
2026-01-05 17:00:00,27.17117666417238,71.71210711718749,cust_000113,17,0,27.17117666417238,False
2026-01-05 18:00:00,46.68237960432851,39.5682836513437,cust_000114,18,0,46.68237960432851,False
2026-01-05 19:00:00,52.765009250307855,94.45981236791788,cust_000115,19,0,52.765009250307855,False
2026-01-05 20:00:00,29.919969557131378,83.58225751694289,cust_000116,20,0,29.919969557131378,False
2026-01-05 21:00:00,29.892408687692747,65.55960514011778,cust_000117,21,0,29.892408687692747,False
2026-01-05 22:00:00,41.95588456754914,43.15042381562722,cust_000118,22,0,41.95588456754914,False
2026-01-05 23:00:00,50.34713099084943,48.56546834204455,cust_000119,23,0,50.34713099084943,False
2026-01-06 00:00:00,41.40746119093055,65.47118658528238,cust_000120,0,1,41.40746119093055,False
2026-01-06 01:00:00,58.61124549165669,34.08375502672121,cust_000121,1,1,58.61124549165669,False
2026-01-06 02:00:00,81.40994697442304,61.84810486549315,cust_000122,2,1,81.40994697442304,True
2026-01-06 03:00:00,29.164793121189703,45.08914525587831,cust_000123,3,1,29.164793121189703,False
2026-01-06 04:00:00,75.84508448940274,59.983297947214055,cust_000124,4,1,75.84508448940274,True
2026-01-06 05:00:00,26.176780584698616,51.334970770044706,cust_000125,5,1,26.176780584698616,False
2026-01-06 06:00:00,51.26758006828297,67.64958292306991,cust_000126,6,1,51.26758006828297,False
2026-01-06 07:00:00,49.47302922844423,65.176776528766,cust_000127,7,1,49.47302922844423,False
2026-01-06 08:00:00,51.797069752832385,56.77205883068805,cust_000128,8,1,51.797069752832385,False
2026-01-06 09:00:00,64.51665272184238,64.01772756008663,cust_000129,9,1,64.51665272184238,False
2026-01-06 10:00:00,26.571319499032587,47.54578163163799,cust_000130,10,1,26.571319499032587,False
2026-01-06 11:00:00,74.03443403390467,46.41553876612809,cust_000131,11,1,74.03443403390467,True
2026-01-06 12:00:00,35.77781898658452,72.03206445940188,cust_000132,12,1,35.77781898658452,False
2026-01-06 13:00:00,62.287995130562365,39.15353085466569,cust_000133,13,1,62.287995130562365,False
2026-01-06 14:00:00,43.61237891489936,104.75736808995696,cust_000134,14,1,43.61237891489936,False
2026-01-06 15:00:00,61.38772960812986,36.28118862741216,cust_000135,15,1,61.38772960812986,False
2026-01-06 16:00:00,29.131950604779075,75.53760897378095,cust_000136,16,1,29.131950604779075,False
2026-01-06 17:00:00,86.39732002146673,70.77046684850917,cust_000137,17,1,86.39732002146673,True
2026-01-06 18:00:00,51.974609879465774,72.47424195643721,cust_000138,18,1,51.974609879465774,False
2026-01-06 19:00:00,47.053154184040025,56.05863859766303,cust_000139,19,1,47.053154184040025,False
2026-01-06 20:00:00,70.24604991888725,77.10954140879333,cust_000140,20,1,70.24604991888725,True
2026-01-06 21:00:00,69.23954505269202,61.04039945014102,cust_000141,21,1,69.23954505269202,True
2026-01-06 22:00:00,25.50516760755756,59.26556723631922,cust_000142,22,1,25.50516760755756,False
2026-01-06 23:00:00,60.555440247554245,73.38921118163333,cust_000143,23,1,60.555440247554245,False
2026-01-07 00:00:00,35.19308798529825,80.76028872448038,cust_000144,0,2,35.19308798529825,False
2026-01-07 01:00:00,56.40392781661608,61.365775066970386,cust_000145,1,2,56.40392781661608,False
2026-01-07 02:00:00,51.5762770038462,81.75206428290437,cust_000146,2,2,51.5762770038462,False
2026-01-07 03:00:00,67.5773823535235,53.60757681553433,cust_000147,3,2,67.5773823535235,False
2026-01-07 04:00:00,26.125801879268455,75.69625145156863,cust_000148,4,2,26.125801879268455,False
2026-01-07 05:00:00,53.68448712088964,73.50405363075751,cust_000149,5,2,53.68448712088964,False
2026-01-07 06:00:00,53.93531690199827,54.021637485995655,cust_000150,6,2,53.93531690199827,False
2026-01-07 07:00:00,68.19836750698087,42.631981714672634,cust_000151,7,2,68.19836750698087,False
2026-01-07 08:00:00,62.523094221328066,43.51017830226062,cust_000152,8,2,62.523094221328066,False
2026-01-07 09:00:00,51.99044344661209,63.439833135640185,cust_000153,9,2,51.99044344661209,False
2026-01-07 10:00:00,51.95139055527928,132.71469219028623,cust_000154,10,2,51.95139055527928,False
2026-01-07 11:00:00,50.67137515658391,105.3730354053207,cust_000155,11,2,50.67137515658391,False
2026-01-07 12:00:00,34.97016653495905,42.63751305669886,cust_000156,12,2,34.97016653495905,False
2026-01-07 13:00:00,56.15184319760517,99.6660720977934,cust_000157,13,2,56.15184319760517,False
2026-01-07 14:00:00,37.256488709215176,63.41206439555392,cust_000158,14,2,37.256488709215176,False
2026-01-07 15:00:00,45.20098068509887,46.26629070538513,cust_000159,15,2,45.20098068509887,False
2026-01-07 16:00:00,13.999349559020906,61.82290803482788,cust_000160,16,2,13.999349559020906,False
2026-01-07 17:00:00,46.819840721522944,46.750774690455906,cust_000161,17,2,46.819840721522944,False
2026-01-07 18:00:00,44.41169124045973,106.03469416679924,cust_000162,18,2,44.41169124045973,False
2026-01-07 19:00:00,50.81825217109655,37.08962017207912,cust_000163,19,2,50.81825217109655,False
2026-01-07 20:00:00,32.41047304078276,86.53155114996709,cust_000164,20,2,32.41047304078276,False
2026-01-07 21:00:00,55.40568869210509,84.12310374402912,cust_000165,21,2,55.40568869210509,False
2026-01-07 22:00:00,57.66963253563303,90.3600411305424,cust_000166,22,2,57.66963253563303,False
2026-01-07 23:00:00,48.71254606738415,52.91181632553527,cust_000167,23,2,48.71254606738415,False
2026-01-08 00:00:00,68.22163990554886,91.13040340065037,cust_000168,0,3,68.22163990554886,False
2026-01-08 01:00:00,48.333332773813744,44.201050824590226,cust_000169,1,3,48.333332773813744,False
2026-01-08 02:00:00,42.09914617452171,46.630648933826976,cust_000170,2,3,42.09914617452171,False
2026-01-08 03:00:00,60.2356915893447,60.82242301610111,cust_000171,3,3,60.2356915893447,False
2026-01-08 04:00:00,40.33639756628882,78.11996103627459,cust_000172,4,3,40.33639756628882,False
2026-01-08 05:00:00,46.08833179266341,82.33099124754108,cust_000173,5,3,46.08833179266341,False
2026-01-08 06:00:00,51.545310650683064,38.264180979608085,cust_000174,6,3,51.545310650683064,False
2026-01-08 07:00:00,70.59737773216948,45.46821716553311,cust_000175,7,3,70.59737773216948,True
2026-01-08 08:00:00,74.64550307042953,66.14752759525265,cust_000176,8,3,74.64550307042953,True
2026-01-08 09:00:00,41.67034189906517,55.19898596628266,cust_000177,9,3,41.67034189906517,False
2026-01-08 10:00:00,50.96737631007643,80.98620979414983,cust_000178,10,3,50.96737631007643,False
2026-01-08 11:00:00,42.89176073992681,28.793738704330657,cust_000179,11,3,42.89176073992681,False
2026-01-08 12:00:00,62.01978126336327,53.035156010123735,cust_000180,12,3,62.01978126336327,False
2026-01-08 13:00:00,42.76971135080529,59.93216837875719,cust_000181,13,3,42.76971135080529,False
2026-01-08 14:00:00,16.38066779619725,62.35949309451931,cust_000182,14,3,16.38066779619725,False
2026-01-08 15:00:00,57.69287435637278,68.18974649376348,cust_000183,15,3,57.69287435637278,False
2026-01-08 16:00:00,47.401295628954585,34.994308141942355,cust_000184,16,3,47.401295628954585,False
2026-01-08 17:00:00,24.96234524206819,89.04951491512759,cust_000185,17,3,24.96234524206819,False
2026-01-08 18:00:00,58.96408995931771,80.67298480693361,cust_000186,18,3,58.96408995931771,False
2026-01-08 19:00:00,62.450983252823654,40.51304932908988,cust_000187,19,3,62.450983252823654,False
2026-01-08 20:00:00,40.18741698637063,35.14854440644372,cust_000188,20,3,40.18741698637063,False
2026-01-08 21:00:00,32.93956775979185,84.89713019175029,cust_000189,21,3,32.93956775979185,False
2026-01-08 22:00:00,59.2418742263165,73.44093040008914,cust_000190,22,3,59.2418742263165,False
2026-01-08 23:00:00,61.968429676928466,61.61540561090279,cust_000191,23,3,61.968429676928466,False
2026-01-09 00:00:00,33.45994644535487,63.61253053822066,cust_000192,0,4,33.45994644535487,False
2026-01-09 01:00:00,67.94391690076104,58.61595338011373,cust_000193,1,4,67.94391690076104,False
2026-01-09 02:00:00,35.966100872034204,77.8286934342164,cust_000194,2,4,35.966100872034204,False
2026-01-09 03:00:00,48.812607232659005,74.63799921481721,cust_000195,3,4,48.812607232659005,False
2026-01-09 04:00:00,40.816712757262344,74.96686916142654,cust_000196,4,4,40.816712757262344,False
2026-01-09 05:00:00,21.387138025429593,98.08123168922464,cust_000197,5,4,21.387138025429593,False
2026-01-09 06:00:00,32.40600867465126,105.61307385777084,cust_000198,6,4,32.40600867465126,False
2026-01-09 07:00:00,40.26467786541783,90.17845298616076,cust_000199,7,4,40.26467786541783,False
2026-01-09 08:00:00,35.784429377280915,93.98726777605876,cust_000200,8,4,35.784429377280915,False
2026-01-09 09:00:00,41.045604531552335,64.85062805136369,cust_000201,9,4,41.045604531552335,False
2026-01-09 10:00:00,53.34753130490049,90.26395162413542,cust_000202,10,4,53.34753130490049,False
2026-01-09 11:00:00,42.04223850616526,43.48517807094063,cust_000203,11,4,42.04223850616526,False
2026-01-09 12:00:00,53.07721508067593,58.79700267258094,cust_000204,12,4,53.07721508067593,False
2026-01-09 13:00:00,63.074695221891815,63.22335843268674,cust_000205,13,4,63.074695221891815,False
2026-01-09 14:00:00,51.925914595477224,51.703270004784635,cust_000206,14,4,51.925914595477224,False
2026-01-09 15:00:00,63.00980743449585,72.6030401193597,cust_000207,15,4,63.00980743449585,False
2026-01-09 16:00:00,57.950908499074984,80.23510306501214,cust_000208,16,4,57.950908499074984,False
2026-01-09 17:00:00,53.124458677303174,91.22794971492732,cust_000209,17,4,53.124458677303174,False
2026-01-09 18:00:00,40.5242106008363,52.18412619122326,cust_000210,18,4,40.5242106008363,False
2026-01-09 19:00:00,83.03581952052045,42.034729216856235,cust_000211,19,4,83.03581952052045,True
2026-01-09 20:00:00,59.4414820142766,65.83869569103014,cust_000212,20,4,59.4414820142766,False
2026-01-09 21:00:00,39.6554500751244,42.69985614030339,cust_000213,21,4,39.6554500751244,False
2026-01-09 22:00:00,67.0413998402613,87.22076410759396,cust_000214,22,4,67.0413998402613,False
2026-01-09 23:00:00,31.199528119246985,42.79356667723262,cust_000215,23,4,31.199528119246985,False
2026-01-10 00:00:00,36.72516876852577,68.12496358647826,cust_000216,0,5,36.72516876852577,False
2026-01-10 01:00:00,61.16897519983397,97.06352071509652,cust_000217,1,5,61.16897519983397,False
2026-01-10 02:00:00,59.279753545623805,36.648294730292434,cust_000218,2,5,59.279753545623805,False
2026-01-10 03:00:00,88.10839405695668,71.29607760630044,cust_000219,3,5,88.10839405695668,True
2026-01-10 04:00:00,68.55309856632788,59.2469211900676,cust_000220,4,5,68.55309856632788,False
2026-01-10 05:00:00,85.6509867988374,76.27057759208085,cust_000221,5,5,85.6509867988374,True
2026-01-10 06:00:00,68.49889434907314,78.07329939659569,cust_000222,6,5,68.49889434907314,False
2026-01-10 07:00:00,63.77898833691184,85.68800513703856,cust_000223,7,5,63.77898833691184,False
2026-01-10 08:00:00,46.19157756311084,70.64359649862772,cust_000224,8,5,46.19157756311084,False
2026-01-10 09:00:00,49.8570913303357,54.89037053107642,cust_000225,9,5,49.8570913303357,False
2026-01-10 10:00:00,57.171120854582874,78.4186738368677,cust_000226,10,5,57.171120854582874,False
2026-01-10 11:00:00,74.62463893066982,46.38147179136077,cust_000227,11,5,74.62463893066982,True
2026-01-10 12:00:00,57.759487611496006,71.06681461804276,cust_000228,12,5,57.759487611496006,False
2026-01-10 13:00:00,28.949050850723175,50.646376668210095,cust_000229,13,5,28.949050850723175,False
2026-01-10 14:00:00,39.82216404320997,57.3116656344934,cust_000230,14,5,39.82216404320997,False
2026-01-10 15:00:00,51.138795245674295,54.95299970972917,cust_000231,15,5,51.138795245674295,False
2026-01-10 16:00:00,33.37321745843542,102.00973501501946,cust_000232,16,5,33.37321745843542,False
2026-01-10 17:00:00,40.54423441067002,71.09640128205227,cust_000233,17,5,40.54423441067002,False
2026-01-10 18:00:00,32.04245235558032,78.41777229552335,cust_000234,18,5,32.04245235558032,False
2026-01-10 19:00:00,42.449486724645965,34.46495067374487,cust_000235,19,5,42.449486724645965,False
2026-01-10 20:00:00,45.81715578956653,42.127109804101536,cust_000236,20,5,45.81715578956653,False
2026-01-10 21:00:00,30.233744800014087,108.858843945132,cust_000237,21,5,30.233744800014087,False
2026-01-10 22:00:00,53.34533216609298,66.19236354857718,cust_000238,22,5,53.34533216609298,False
2026-01-10 23:00:00,70.07322861211628,83.60226256280585,cust_000239,23,5,70.07322861211628,True
2026-01-11 00:00:00,43.43125904500854,41.735451130308405,cust_000240,0,6,43.43125904500854,False
2026-01-11 01:00:00,44.82617449767679,81.74655134644641,cust_000241,1,6,44.82617449767679,False
2026-01-11 02:00:00,55.58678798501807,68.60974442524885,cust_000242,2,6,55.58678798501807,False
2026-01-11 03:00:00,31.640842299949565,76.20864382289427,cust_000243,3,6,31.640842299949565,False
2026-01-11 04:00:00,65.8968953597336,67.36488784986963,cust_000244,4,6,65.8968953597336,False
2026-01-11 05:00:00,50.55335881724802,64.45900802889612,cust_000245,5,6,50.55335881724802,False
2026-01-11 06:00:00,46.13977995305893,78.27911881473675,cust_000246,6,6,46.13977995305893,False
2026-01-11 07:00:00,28.23952679697961,50.85915364288819,cust_000247,7,6,28.23952679697961,False
2026-01-11 08:00:00,44.950735997655144,57.23191767650335,cust_000248,8,6,44.950735997655144,False
2026-01-11 09:00:00,55.17927314782818,40.71591015416338,cust_000249,9,6,55.17927314782818,False
2026-01-11 10:00:00,34.99845094264736,117.16151557143893,cust_000250,10,6,34.99845094264736,False
2026-01-11 11:00:00,58.9647129956592,55.640447535977366,cust_000251,11,6,58.9647129956592,False
2026-01-11 12:00:00,42.318301906276325,66.03145236836012,cust_000252,12,6,42.318301906276325,False
2026-01-11 13:00:00,37.461748060709965,90.41553792389914,cust_000253,13,6,37.461748060709965,False
2026-01-11 14:00:00,68.07478667704427,63.79613294311114,cust_000254,14,6,68.07478667704427,False
2026-01-11 15:00:00,92.29572289713158,101.1127348941478,cust_000255,15,6,92.29572289713158,True
2026-01-11 16:00:00,58.34145199611586,24.7169551671751,cust_000256,16,6,58.34145199611586,False
2026-01-11 17:00:00,45.69865282909765,41.95774581437174,cust_000257,17,6,45.69865282909765,False
2026-01-11 18:00:00,51.90989592714204,61.25869855925498,cust_000258,18,6,51.90989592714204,False
2026-01-11 19:00:00,38.67351797906243,89.69285193658558,cust_000259,19,6,38.67351797906243,False
2026-01-11 20:00:00,40.09772785124119,71.09489240968227,cust_000260,20,6,40.09772785124119,False
2026-01-11 21:00:00,32.811617574227014,98.92595781924106,cust_000261,21,6,32.811617574227014,False
2026-01-11 22:00:00,45.08226118515778,61.56398855630983,cust_000262,22,6,45.08226118515778,False
2026-01-11 23:00:00,26.29334018532133,66.06282700810767,cust_000263,23,6,26.29334018532133,False
2026-01-12 00:00:00,57.77453210840205,117.56304149733704,cust_000264,0,0,57.77453210840205,False
2026-01-12 01:00:00,52.533765791696034,72.93415902034579,cust_000265,1,0,52.533765791696034,False
2026-01-12 02:00:00,59.67464684496311,45.90374309859242,cust_000266,2,0,59.67464684496311,False
2026-01-12 03:00:00,68.09652848411972,72.76046246372525,cust_000267,3,0,68.09652848411972,False
2026-01-12 04:00:00,58.40680439863797,52.470546582366794,cust_000268,4,0,58.40680439863797,False
2026-01-12 05:00:00,83.89396104240203,86.33450169865651,cust_000269,5,0,83.89396104240203,True
2026-01-12 06:00:00,42.30279829130279,73.77169357430071,cust_000270,6,0,42.30279829130279,False
2026-01-12 07:00:00,71.00073914539787,72.04223732399879,cust_000271,7,0,71.00073914539787,True
2026-01-12 08:00:00,47.874493413718085,78.30507882660802,cust_000272,8,0,47.874493413718085,False
2026-01-12 09:00:00,64.01591795294706,67.44635093605244,cust_000273,9,0,64.01591795294706,False
2026-01-12 10:00:00,62.437301050810426,56.6364889015136,cust_000274,10,0,62.437301050810426,False
2026-01-12 11:00:00,37.11314681422962,41.477195184498555,cust_000275,11,0,37.11314681422962,False
2026-01-12 12:00:00,34.506918158076225,64.99701658232344,cust_000276,12,0,34.506918158076225,False
2026-01-12 13:00:00,37.84463485146985,31.24378770860496,cust_000277,13,0,37.84463485146985,False
2026-01-12 14:00:00,21.28345509487595,106.92587834585902,cust_000278,14,0,21.28345509487595,False
2026-01-12 15:00:00,52.77181910293804,60.73875250108181,cust_000279,15,0,52.77181910293804,False
2026-01-12 16:00:00,29.466970218432028,49.8975823139606,cust_000280,16,0,29.466970218432028,False
2026-01-12 17:00:00,32.21243319287298,58.75779746129825,cust_000281,17,0,32.21243319287298,False
2026-01-12 18:00:00,56.220390399932334,40.56138870157474,cust_000282,18,0,56.220390399932334,False
2026-01-12 19:00:00,37.410132803877616,57.72195856348778,cust_000283,19,0,37.410132803877616,False
2026-01-12 20:00:00,72.26171337397581,59.99871727850971,cust_000284,20,0,72.26171337397581,True
2026-01-12 21:00:00,46.67151750340682,83.92996511420047,cust_000285,21,0,46.67151750340682,False
2026-01-12 22:00:00,39.64078794372166,64.70525511847855,cust_000286,22,0,39.64078794372166,False
2026-01-12 23:00:00,39.5197830375746,52.47826013251272,cust_000287,23,0,39.5197830375746,False
2026-01-13 00:00:00,53.69147119391009,56.24363848236834,cust_000288,0,1,53.69147119391009,False
2026-01-13 01:00:00,51.00781655020981,44.122661837218885,cust_000289,1,1,51.00781655020981,False
2026-01-13 02:00:00,41.81330494764403,54.77248797758074,cust_000290,2,1,41.81330494764403,False
2026-01-13 03:00:00,44.234009883388225,71.52729411139994,cust_000291,3,1,44.234009883388225,False
2026-01-13 04:00:00,35.04459013331999,61.577064332815894,cust_000292,4,1,35.04459013331999,False
2026-01-13 05:00:00,44.72405643373005,74.69479961936759,cust_000293,5,1,44.72405643373005,False
2026-01-13 06:00:00,49.99128054817716,84.90046857352831,cust_000294,6,1,49.99128054817716,False
2026-01-13 07:00:00,65.04831255053935,72.0709078766,cust_000295,7,1,65.04831255053935,False
2026-01-13 08:00:00,63.72063198517755,75.98818150917124,cust_000296,8,1,63.72063198517755,False
2026-01-13 09:00:00,48.00091508346232,52.58671911702794,cust_000297,9,1,48.00091508346232,False
2026-01-13 10:00:00,35.423298093825366,53.96255017597459,cust_000298,10,1,35.423298093825366,False
2026-01-13 11:00:00,45.47275821434207,76.66953793877258,cust_000299,11,1,45.47275821434207,False
2026-01-13 12:00:00,65.83151812324252,60.81021600946613,cust_000300,12,1,65.83151812324252,False
2026-01-13 13:00:00,71.57907432651064,74.63566386408823,cust_000301,13,1,71.57907432651064,True
2026-01-13 14:00:00,37.72777242761405,63.13502731485017,cust_000302,14,1,37.72777242761405,False
2026-01-13 15:00:00,71.71196462400079,82.23205502357472,cust_000303,15,1,71.71196462400079,True
2026-01-13 16:00:00,58.57260165295017,72.25373569215807,cust_000304,16,1,58.57260165295017,False
2026-01-13 17:00:00,48.54152250708944,69.21518049743668,cust_000305,17,1,48.54152250708944,False
2026-01-13 18:00:00,38.574567102485666,85.0968920915627,cust_000306,18,1,38.574567102485666,False
2026-01-13 19:00:00,46.23803740298297,64.29236193407368,cust_000307,19,1,46.23803740298297,False
2026-01-13 20:00:00,67.45213485353976,80.46521449786975,cust_000308,20,1,67.45213485353976,False
2026-01-13 21:00:00,33.7512732672286,71.1055061834697,cust_000309,21,1,33.7512732672286,False
2026-01-13 22:00:00,75.63791386814653,54.94912989043765,cust_000310,22,1,75.63791386814653,True
2026-01-13 23:00:00,42.89071309729408,45.32185501730872,cust_000311,23,1,42.89071309729408,False
2026-01-14 00:00:00,58.842364087128395,60.755437007928656,cust_000312,0,2,58.842364087128395,False
2026-01-14 01:00:00,39.25992567447064,47.167610375040475,cust_000313,1,2,39.25992567447064,False
2026-01-14 02:00:00,37.43463207173208,64.0197668009795,cust_000314,2,2,37.43463207173208,False
2026-01-14 03:00:00,32.72092549699643,61.03859719325456,cust_000315,3,2,32.72092549699643,False
2026-01-14 04:00:00,71.30210105409282,49.95075016976792,cust_000316,4,2,71.30210105409282,True
2026-01-14 05:00:00,65.17558844154254,46.18460637421371,cust_000317,5,2,65.17558844154254,False
2026-01-14 06:00:00,54.86675390590338,32.42247460410135,cust_000318,6,2,54.86675390590338,False
2026-01-14 07:00:00,55.920340025741,57.933389245554466,cust_000319,7,2,55.920340025741,False
2026-01-14 08:00:00,32.082153968518725,62.65184213565574,cust_000320,8,2,32.082153968518725,False
2026-01-14 09:00:00,68.71436179822231,50.28842508045738,cust_000321,9,2,68.71436179822231,False
2026-01-14 10:00:00,9.082343841715904,49.905501010605214,cust_000322,10,2,9.082343841715904,False
2026-01-14 11:00:00,35.5250968297805,67.84283422221735,cust_000323,11,2,35.5250968297805,False
2026-01-14 12:00:00,59.341552798784505,69.59588425190061,cust_000324,12,2,59.341552798784505,False
2026-01-14 13:00:00,51.798205759356534,75.69960926432769,cust_000325,13,2,51.798205759356534,False
2026-01-14 14:00:00,51.33407726256727,78.52766772033289,cust_000326,14,2,51.33407726256727,False
2026-01-14 15:00:00,50.78304131116512,43.53923221632017,cust_000327,15,2,50.78304131116512,False
2026-01-14 16:00:00,25.11968138248468,54.1062324296032,cust_000328,16,2,25.11968138248468,False
2026-01-14 17:00:00,49.010223054905985,79.4196191350851,cust_000329,17,2,49.010223054905985,False
2026-01-14 18:00:00,74.33869666121572,30.42858950057257,cust_000330,18,2,74.33869666121572,True
2026-01-14 19:00:00,20.898190108113404,78.58295036562379,cust_000331,19,2,20.898190108113404,False
2026-01-14 20:00:00,49.0857274519307,36.38906590430683,cust_000332,20,2,49.0857274519307,False
2026-01-14 21:00:00,65.77060456032515,66.91226118771957,cust_000333,21,2,65.77060456032515,False
2026-01-14 22:00:00,52.20571046865702,69.83422028315306,cust_000334,22,2,52.20571046865702,False
2026-01-14 23:00:00,67.32457925700615,41.25956259159115,cust_000335,23,2,67.32457925700615,False
2026-01-15 00:00:00,71.94626522027377,20.206211977346328,cust_000336,0,3,71.94626522027377,True
2026-01-15 01:00:00,40.43894029914204,73.08609188011258,cust_000337,1,3,40.43894029914204,False
2026-01-15 02:00:00,67.9012239629838,51.70477338568053,cust_000338,2,3,67.9012239629838,False
2026-01-15 03:00:00,30.748056081371303,42.47455217378003,cust_000339,3,3,30.748056081371303,False
2026-01-15 04:00:00,58.11254283454675,84.18246767511512,cust_000340,4,3,58.11254283454675,False
2026-01-15 05:00:00,27.76971989541854,36.89909175833293,cust_000341,5,3,27.76971989541854,False
2026-01-15 06:00:00,80.79564204426568,75.91067682447527,cust_000342,6,3,80.79564204426568,True
2026-01-15 07:00:00,34.736107356654145,47.841525141373026,cust_000343,7,3,34.736107356654145,False
2026-01-15 08:00:00,43.17934644053789,57.966649229306235,cust_000344,8,3,43.17934644053789,False
2026-01-15 09:00:00,74.67576378287575,72.37427243015284,cust_000345,9,3,74.67576378287575,True
2026-01-15 10:00:00,53.15994168541871,71.91935306862338,cust_000346,10,3,53.15994168541871,False
2026-01-15 11:00:00,51.87015641067333,62.28114470993791,cust_000347,11,3,51.87015641067333,False
2026-01-15 12:00:00,86.53567914632211,70.07286924220962,cust_000348,12,3,86.53567914632211,True
2026-01-15 13:00:00,66.30684985826748,75.38367595963618,cust_000349,13,3,66.30684985826748,False
2026-01-15 14:00:00,50.707478644836435,73.82724062500455,cust_000350,14,3,50.707478644836435,False
2026-01-15 15:00:00,39.19564689498761,77.15959908741728,cust_000351,15,3,39.19564689498761,False
2026-01-15 16:00:00,47.57286396848036,62.39559035463003,cust_000352,16,3,47.57286396848036,False
2026-01-15 17:00:00,38.14498397789788,62.496297221298065,cust_000353,17,3,38.14498397789788,False
2026-01-15 18:00:00,57.804885911479595,74.8520743318482,cust_000354,18,3,57.804885911479595,False
2026-01-15 19:00:00,48.067266793824,76.47646486788997,cust_000355,19,3,48.067266793824,False
2026-01-15 20:00:00,49.724057358429704,45.76423126531309,cust_000356,20,3,49.724057358429704,False
2026-01-15 21:00:00,39.299620399958,68.00280138047269,cust_000357,21,3,39.299620399958,False
2026-01-15 22:00:00,84.89043598005205,26.71162312540744,cust_000358,22,3,84.89043598005205,True
2026-01-15 23:00:00,47.41702184164878,48.24811294967125,cust_000359,23,3,47.41702184164878,False
2026-01-16 00:00:00,57.98120590980059,27.413746523226436,cust_000360,0,4,57.98120590980059,False
2026-01-16 01:00:00,56.250111628321555,70.92696936154067,cust_000361,1,4,56.250111628321555,False
2026-01-16 02:00:00,39.11306995569826,59.77180877780778,cust_000362,2,4,39.11306995569826,False
2026-01-16 03:00:00,50.33401691445907,28.851076510569428,cust_000363,3,4,50.33401691445907,False
2026-01-16 04:00:00,29.137701895880586,114.24111571441718,cust_000364,4,4,29.137701895880586,False
2026-01-16 05:00:00,45.53196493884701,62.040592436313545,cust_000365,5,4,45.53196493884701,False
2026-01-16 06:00:00,67.08405980035607,32.68680053464211,cust_000366,6,4,67.08405980035607,False
2026-01-16 07:00:00,50.602589471764695,87.25198489364458,cust_000367,7,4,50.602589471764695,False
2026-01-16 08:00:00,68.81278195643017,51.43882020567656,cust_000368,8,4,68.81278195643017,False
2026-01-16 09:00:00,38.85092529042438,86.03073532837789,cust_000369,9,4,38.85092529042438,False
2026-01-16 10:00:00,40.91002176456262,97.64749044065424,cust_000370,10,4,40.91002176456262,False
2026-01-16 11:00:00,52.75014121813574,67.12499956712132,cust_000371,11,4,52.75014121813574,False
2026-01-16 12:00:00,45.457771112432894,41.83955323858207,cust_000372,12,4,45.457771112432894,False
2026-01-16 13:00:00,54.048329756308526,53.64218942241075,cust_000373,13,4,54.048329756308526,False
2026-01-16 14:00:00,42.68845764787771,59.15465737688971,cust_000374,14,4,42.68845764787771,False
2026-01-16 15:00:00,59.56386740303421,54.76537075765965,cust_000375,15,4,59.56386740303421,False
2026-01-16 16:00:00,42.96174936587153,48.723010850456674,cust_000376,16,4,42.96174936587153,False
2026-01-16 17:00:00,41.43279239203958,39.58506601888326,cust_000377,17,4,41.43279239203958,False
2026-01-16 18:00:00,53.82914510449207,61.713618871329174,cust_000378,18,4,53.82914510449207,False
2026-01-16 19:00:00,25.143741441421295,54.4407377914772,cust_000379,19,4,25.143741441421295,False
2026-01-16 20:00:00,43.12913736516383,64.86877759965708,cust_000380,20,4,43.12913736516383,False
2026-01-16 21:00:00,61.32478695597747,84.72975649791739,cust_000381,21,4,61.32478695597747,False
2026-01-16 22:00:00,58.75307199754605,66.96940784061836,cust_000382,22,4,58.75307199754605,False
2026-01-16 23:00:00,62.4213524521342,65.67084914011872,cust_000383,23,4,62.4213524521342,False
2026-01-17 00:00:00,32.00210234296563,64.9193668812238,cust_000384,0,5,32.00210234296563,False
2026-01-17 01:00:00,61.77647380957649,68.01660512111205,cust_000385,1,5,61.77647380957649,False
2026-01-17 02:00:00,42.85682875824213,64.62829602142243,cust_000386,2,5,42.85682875824213,False
2026-01-17 03:00:00,43.60341890829672,83.2238403194067,cust_000387,3,5,43.60341890829672,False
2026-01-17 04:00:00,79.25970880197362,38.78121160153591,cust_000388,4,5,79.25970880197362,True
2026-01-17 05:00:00,69.46765237917481,30.202854982763625,cust_000389,5,5,69.46765237917481,True
2026-01-17 06:00:00,56.79646719636369,86.20792426126997,cust_000390,6,5,56.79646719636369,False
2026-01-17 07:00:00,48.091880676806134,104.569699962722,cust_000391,7,5,48.091880676806134,False
2026-01-17 08:00:00,34.702276828329246,36.32796932337883,cust_000392,8,5,34.702276828329246,False
2026-01-17 09:00:00,57.016829943199234,41.67471867196341,cust_000393,9,5,57.016829943199234,False
2026-01-17 10:00:00,65.14345664312124,63.99843061837354,cust_000394,10,5,65.14345664312124,False
2026-01-17 11:00:00,17.758663188520025,87.62883110061323,cust_000395,11,5,17.758663188520025,False
2026-01-17 12:00:00,67.57442809081215,48.83606949830707,cust_000396,12,5,67.57442809081215,False
2026-01-17 13:00:00,63.61939133736194,53.130852308117476,cust_000397,13,5,63.61939133736194,False
2026-01-17 14:00:00,55.81329008357442,69.10602003875606,cust_000398,14,5,55.81329008357442,False
2026-01-17 15:00:00,20.819284056886897,63.93748929637239,cust_000399,15,5,20.819284056886897,False
2026-01-17 16:00:00,73.79721726361362,44.79630588014619,cust_000400,16,5,73.79721726361362,True
2026-01-17 17:00:00,44.2949004555182,74.40740649401718,cust_000401,17,5,44.2949004555182,False
2026-01-17 18:00:00,69.71054277233557,64.87557108569747,cust_000402,18,5,69.71054277233557,True
2026-01-17 19:00:00,35.117617859602014,81.02235769738415,cust_000403,19,5,35.117617859602014,False
2026-01-17 20:00:00,47.23312198079599,68.61623521257255,cust_000404,20,5,47.23312198079599,False
2026-01-17 21:00:00,56.32492924934153,46.59275862366311,cust_000405,21,5,56.32492924934153,False
2026-01-17 22:00:00,66.40311111580789,58.42701829753642,cust_000406,22,5,66.40311111580789,False
2026-01-17 23:00:00,59.06467192544762,48.839814375771006,cust_000407,23,5,59.06467192544762,False
2026-01-18 00:00:00,38.55742187870797,62.09149494203699,cust_000408,0,6,38.55742187870797,False
2026-01-18 01:00:00,60.29018493295166,26.749195606810662,cust_000409,1,6,60.29018493295166,False
2026-01-18 02:00:00,22.807594149971937,62.38845535343413,cust_000410,2,6,22.807594149971937,False
2026-01-18 03:00:00,64.26944622739377,19.546622278678313,cust_000411,3,6,64.26944622739377,False
2026-01-18 04:00:00,62.70604170317178,62.23781846257483,cust_000412,4,6,62.70604170317178,False
2026-01-18 05:00:00,72.10076501382794,90.39913209676553,cust_000413,5,6,72.10076501382794,True
2026-01-18 06:00:00,64.9569774005472,40.59283629433203,cust_000414,6,6,64.9569774005472,False
2026-01-18 07:00:00,54.01136246895641,49.69617110435969,cust_000415,7,6,54.01136246895641,False
2026-01-18 08:00:00,42.25413830797219,92.4051714174608,cust_000416,8,6,42.25413830797219,False
2026-01-18 09:00:00,40.93547061107333,65.83959228402702,cust_000417,9,6,40.93547061107333,False
2026-01-18 10:00:00,38.294642984569464,54.63974471664602,cust_000418,10,6,38.294642984569464,False
2026-01-18 11:00:00,58.653945450938046,60.06943867631894,cust_000419,11,6,58.653945450938046,False
2026-01-18 12:00:00,64.65038065527122,72.45726119870247,cust_000420,12,6,64.65038065527122,False
2026-01-18 13:00:00,51.471473162713934,30.623082357873372,cust_000421,13,6,51.471473162713934,False
2026-01-18 14:00:00,67.74037925394093,59.63399105498413,cust_000422,14,6,67.74037925394093,False
2026-01-18 15:00:00,57.78774775056017,34.82285964105212,cust_000423,15,6,57.78774775056017,False
2026-01-18 16:00:00,29.55938740314136,52.59334718872742,cust_000424,16,6,29.55938740314136,False
2026-01-18 17:00:00,43.15124250580189,55.35945197307042,cust_000425,17,6,43.15124250580189,False
2026-01-18 18:00:00,52.44014619518949,62.65372906133828,cust_000426,18,6,52.44014619518949,False
2026-01-18 19:00:00,42.02440778558355,71.83825023007269,cust_000427,19,6,42.02440778558355,False
2026-01-18 20:00:00,32.55259586053954,63.98021889236186,cust_000428,20,6,32.55259586053954,False
2026-01-18 21:00:00,23.617162724946187,54.945349251486455,cust_000429,21,6,23.617162724946187,False
2026-01-18 22:00:00,41.084383098880096,50.56539630207063,cust_000430,22,6,41.084383098880096,False
2026-01-18 23:00:00,55.454498271055215,52.87298210625036,cust_000431,23,6,55.454498271055215,False
2026-01-19 00:00:00,41.65799909292556,70.61603704582299,cust_000432,0,0,41.65799909292556,False
2026-01-19 01:00:00,64.7368691638766,43.17796661581046,cust_000433,1,0,64.7368691638766,False
2026-01-19 02:00:00,42.178847987371505,72.0377658321766,cust_000434,2,0,42.178847987371505,False
2026-01-19 03:00:00,46.4560722473349,50.99684914937018,cust_000435,3,0,46.4560722473349,False
2026-01-19 04:00:00,53.10937395515151,64.99693336214614,cust_000436,4,0,53.10937395515151,False
2026-01-19 05:00:00,30.426141796141483,64.55609890739599,cust_000437,5,0,30.426141796141483,False
2026-01-19 06:00:00,63.33670135817145,74.25822966193067,cust_000438,6,0,63.33670135817145,False
2026-01-19 07:00:00,74.14041660460649,59.893713324659586,cust_000439,7,0,74.14041660460649,True
2026-01-19 08:00:00,41.91836449388492,37.04034109794701,cust_000440,8,0,41.91836449388492,False
2026-01-19 09:00:00,80.88707663484925,48.38087008198252,cust_000441,9,0,80.88707663484925,True
2026-01-19 10:00:00,44.19075787767552,61.46553113031749,cust_000442,10,0,44.19075787767552,False
2026-01-19 11:00:00,58.80503863924661,34.68641877922418,cust_000443,11,0,58.80503863924661,False
2026-01-19 12:00:00,74.21474080809139,76.61994375705757,cust_000444,12,0,74.21474080809139,True
2026-01-19 13:00:00,44.65207273147797,76.26525094053001,cust_000445,13,0,44.65207273147797,False
2026-01-19 14:00:00,60.56911911788076,86.76717898105814,cust_000446,14,0,60.56911911788076,False
2026-01-19 15:00:00,50.727636114164454,71.57396577820504,cust_000447,15,0,50.727636114164454,False
2026-01-19 16:00:00,75.50898804035452,72.21704131104484,cust_000448,16,0,75.50898804035452,True
2026-01-19 17:00:00,48.188798422770155,53.76398045789436,cust_000449,17,0,48.188798422770155,False
2026-01-19 18:00:00,59.51547868394505,68.32875676100964,cust_000450,18,0,59.51547868394505,False
2026-01-19 19:00:00,34.25260317968937,82.27030620010953,cust_000451,19,0,34.25260317968937,False
2026-01-19 20:00:00,48.89714181618335,102.53146168731422,cust_000452,20,0,48.89714181618335,False
2026-01-19 21:00:00,5.644452636638903,13.941172913470858,cust_000453,21,0,5.644452636638903,False
2026-01-19 22:00:00,69.66973705972154,55.48946510615833,cust_000454,22,0,69.66973705972154,True
2026-01-19 23:00:00,38.02126736081359,95.31537364621072,cust_000455,23,0,38.02126736081359,False
2026-01-20 00:00:00,75.04061057827784,68.58820981285636,cust_000456,0,1,75.04061057827784,True
2026-01-20 01:00:00,56.51504912889732,28.39680327844109,cust_000457,1,1,56.51504912889732,False
2026-01-20 02:00:00,65.9303154206888,109.09466990781036,cust_000458,2,1,65.9303154206888,False
2026-01-20 03:00:00,36.431190283814985,54.07969065528336,cust_000459,3,1,36.431190283814985,False
2026-01-20 04:00:00,58.70757607100073,62.884940452703695,cust_000460,4,1,58.70757607100073,False
2026-01-20 05:00:00,71.21568020017403,57.96666727748399,cust_000461,5,1,71.21568020017403,True
2026-01-20 06:00:00,54.871541289203265,61.10043831452109,cust_000462,6,1,54.871541289203265,False
2026-01-20 07:00:00,50.15351550966464,87.09172297177207,cust_000463,7,1,50.15351550966464,False
2026-01-20 08:00:00,49.30457173827319,56.34214908281743,cust_000464,8,1,49.30457173827319,False
2026-01-20 09:00:00,59.0766046914256,62.36520271548811,cust_000465,9,1,59.0766046914256,False
2026-01-20 10:00:00,42.53671223930615,51.072602844620825,cust_000466,10,1,42.53671223930615,False
2026-01-20 11:00:00,44.33121560531967,33.79696709604955,cust_000467,11,1,44.33121560531967,False
2026-01-20 12:00:00,50.85936481730411,92.98720148397996,cust_000468,12,1,50.85936481730411,False
2026-01-20 13:00:00,56.94819107549027,41.4549891223066,cust_000469,13,1,56.94819107549027,False
2026-01-20 14:00:00,50.763336654694406,73.55824221589708,cust_000470,14,1,50.763336654694406,False
2026-01-20 15:00:00,32.05694071045215,69.43869388898845,cust_000471,15,1,32.05694071045215,False
2026-01-20 16:00:00,37.953179781893134,69.34817953016695,cust_000472,16,1,37.953179781893134,False
2026-01-20 17:00:00,27.704265327507677,39.16179108660763,cust_000473,17,1,27.704265327507677,False
2026-01-20 18:00:00,75.8396778449694,68.73394698402845,cust_000474,18,1,75.8396778449694,True
2026-01-20 19:00:00,47.79329469260284,27.575722176428613,cust_000475,19,1,47.79329469260284,False
2026-01-20 20:00:00,47.79034783221921,62.45693744282943,cust_000476,20,1,47.79034783221921,False
2026-01-20 21:00:00,46.82917929647807,88.53376660503474,cust_000477,21,1,46.82917929647807,False
2026-01-20 22:00:00,53.04556729708609,37.82327569903352,cust_000478,22,1,53.04556729708609,False
2026-01-20 23:00:00,39.80903119561485,97.3802339693419,cust_000479,23,1,39.80903119561485,False
2026-01-21 00:00:00,53.79639970494625,86.19271693646918,cust_000480,0,2,53.79639970494625,False
2026-01-21 01:00:00,20.59621794589923,96.541600073037,cust_000481,1,2,20.59621794589923,False
2026-01-21 02:00:00,47.2570180823165,54.73275015895565,cust_000482,2,2,47.2570180823165,False
2026-01-21 03:00:00,46.091413595428975,87.4037468226593,cust_000483,3,2,46.091413595428975,False
2026-01-21 04:00:00,48.32641236952612,66.61017792407753,cust_000484,4,2,48.32641236952612,False
2026-01-21 05:00:00,33.844225659424254,63.752012672297184,cust_000485,5,2,33.844225659424254,False
2026-01-21 06:00:00,48.976787651887506,65.08739643721667,cust_000486,6,2,48.976787651887506,False
2026-01-21 07:00:00,56.65697240020815,61.02870635569742,cust_000487,7,2,56.65697240020815,False
2026-01-21 08:00:00,32.45197574411597,81.0445495785859,cust_000488,8,2,32.45197574411597,False
2026-01-21 09:00:00,60.59859477617673,77.32418650690019,cust_000489,9,2,60.59859477617673,False
2026-01-21 10:00:00,45.49490608092989,93.6486003952414,cust_000490,10,2,45.49490608092989,False
2026-01-21 11:00:00,51.60616865246278,55.89357189868197,cust_000491,11,2,51.60616865246278,False
2026-01-21 12:00:00,44.494587972207846,71.89258396498873,cust_000492,12,2,44.494587972207846,False
2026-01-21 13:00:00,32.22468276052619,105.9769306727266,cust_000493,13,2,32.22468276052619,False
2026-01-21 14:00:00,77.71294803395821,77.33301275306518,cust_000494,14,2,77.71294803395821,True
2026-01-21 15:00:00,24.15307230909897,66.3201448222265,cust_000495,15,2,24.15307230909897,False
2026-01-21 16:00:00,45.47248201172392,45.32297138555727,cust_000496,16,2,45.47248201172392,False
2026-01-21 17:00:00,47.211844973910026,79.24007331942371,cust_000497,17,2,47.211844973910026,False
2026-01-21 18:00:00,26.177659337940813,27.19903567845683,cust_000498,18,2,26.177659337940813,False
2026-01-21 19:00:00,52.61823599627123,53.579327161785656,cust_000499,19,2,52.61823599627123,False
2026-01-21 20:00:00,50.86103857563206,1.3789863302180692,cust_000500,20,2,50.86103857563206,False
2026-01-21 21:00:00,79.66876981422598,37.89892900593261,cust_000501,21,2,79.66876981422598,True
2026-01-21 22:00:00,65.54488103087333,87.51401055379122,cust_000502,22,2,65.54488103087333,False
2026-01-21 23:00:00,34.100606019713254,18.108995703535943,cust_000503,23,2,34.100606019713254,False
2026-01-22 00:00:00,36.83863837174462,55.25606531613073,cust_000504,0,3,36.83863837174462,False
2026-01-22 01:00:00,39.29599714384733,78.67747440581762,cust_000505,1,3,39.29599714384733,False
2026-01-22 02:00:00,53.091594527807224,97.53106531098284,cust_000506,2,3,53.091594527807224,False
2026-01-22 03:00:00,50.25184966182589,113.13337148717189,cust_000507,3,3,50.25184966182589,False
2026-01-22 04:00:00,54.87677754885272,69.79266054389832,cust_000508,4,3,54.87677754885272,False
2026-01-22 05:00:00,41.68982816714353,71.88386230035998,cust_000509,5,3,41.68982816714353,False
2026-01-22 06:00:00,62.88528058018666,89.636374159081,cust_000510,6,3,62.88528058018666,False
2026-01-22 07:00:00,30.896295021130605,56.19651681693073,cust_000511,7,3,30.896295021130605,False
2026-01-22 08:00:00,52.22114006297792,64.28035298369642,cust_000512,8,3,52.22114006297792,False
2026-01-22 09:00:00,46.360161882851045,95.31384541212782,cust_000513,9,3,46.360161882851045,False
2026-01-22 10:00:00,36.02454368093487,64.9464597865111,cust_000514,10,3,36.02454368093487,False
2026-01-22 11:00:00,49.16947118936692,75.13845289094812,cust_000515,11,3,49.16947118936692,False
2026-01-22 12:00:00,84.43623967855315,62.9568234119944,cust_000516,12,3,84.43623967855315,True
2026-01-22 13:00:00,43.1692065258128,47.68995303195997,cust_000517,13,3,43.1692065258128,False
2026-01-22 14:00:00,86.22788986046638,109.75640044947272,cust_000518,14,3,86.22788986046638,True
2026-01-22 15:00:00,69.2180603149675,54.13889493582938,cust_000519,15,3,69.2180603149675,True
2026-01-22 16:00:00,42.16886656123339,38.90687185999472,cust_000520,16,3,42.16886656123339,False
2026-01-22 17:00:00,56.484409246712026,87.59626926362805,cust_000521,17,3,56.484409246712026,False
2026-01-22 18:00:00,41.21850435547194,61.28072264291527,cust_000522,18,3,41.21850435547194,False
2026-01-22 19:00:00,41.98790633275332,72.90162955254718,cust_000523,19,3,41.98790633275332,False
2026-01-22 20:00:00,21.777915012097363,51.10874128378275,cust_000524,20,3,21.777915012097363,False
2026-01-22 21:00:00,72.32621533121876,52.305721553314406,cust_000525,21,3,72.32621533121876,True
2026-01-22 22:00:00,35.81011747875863,113.76709213122282,cust_000526,22,3,35.81011747875863,False
2026-01-22 23:00:00,29.685368001989893,72.07008432795261,cust_000527,23,3,29.685368001989893,False
2026-01-23 00:00:00,39.14836846514562,58.172965777801146,cust_000528,0,4,39.14836846514562,False
2026-01-23 01:00:00,60.790245199883245,69.8275114525378,cust_000529,1,4,60.790245199883245,False
2026-01-23 02:00:00,28.30252467205299,62.732384438809504,cust_000530,2,4,28.30252467205299,False
2026-01-23 03:00:00,50.66602581798308,41.63542093355848,cust_000531,3,4,50.66602581798308,False
2026-01-23 04:00:00,26.2700503078818,81.37094157982354,cust_000532,4,4,26.2700503078818,False
2026-01-23 05:00:00,51.80435889641374,6.602256373354287,cust_000533,5,4,51.80435889641374,False
2026-01-23 06:00:00,54.331153757903294,76.74888508265204,cust_000534,6,4,54.331153757903294,False
2026-01-23 07:00:00,70.30007560866937,65.1144607813051,cust_000535,7,4,70.30007560866937,True
2026-01-23 08:00:00,67.35499114925402,54.300660036258215,cust_000536,8,4,67.35499114925402,False
2026-01-23 09:00:00,51.68094584342846,83.43807524672893,cust_000537,9,4,51.68094584342846,False
2026-01-23 10:00:00,59.656523180598064,43.29435636378789,cust_000538,10,4,59.656523180598064,False
2026-01-23 11:00:00,42.42256611445372,87.31372305009832,cust_000539,11,4,42.42256611445372,False
2026-01-23 12:00:00,54.6611811824482,44.404108828135854,cust_000540,12,4,54.6611811824482,False
2026-01-23 13:00:00,32.93690428839793,38.72524211266253,cust_000541,13,4,32.93690428839793,False
2026-01-23 14:00:00,49.46457277322368,63.70690679780776,cust_000542,14,4,49.46457277322368,False
2026-01-23 15:00:00,36.57015733468435,76.09047439891435,cust_000543,15,4,36.57015733468435,False
2026-01-23 16:00:00,63.8191781547115,85.3656092884006,cust_000544,16,4,63.8191781547115,False
2026-01-23 17:00:00,23.01782476525078,41.00259297443785,cust_000545,17,4,23.01782476525078,False
2026-01-23 18:00:00,48.341164778415326,73.9957800772296,cust_000546,18,4,48.341164778415326,False
2026-01-23 19:00:00,43.08794508007285,58.53419063936898,cust_000547,19,4,43.08794508007285,False
2026-01-23 20:00:00,28.27120149882342,57.06030559587322,cust_000548,20,4,28.27120149882342,False
2026-01-23 21:00:00,85.53092269794155,68.54333333989837,cust_000549,21,4,85.53092269794155,True
2026-01-23 22:00:00,51.889325809796354,49.408808821479575,cust_000550,22,4,51.889325809796354,False
2026-01-23 23:00:00,66.0012684194561,26.52621609569698,cust_000551,23,4,66.0012684194561,False
2026-01-24 00:00:00,53.72967075365888,46.14233366535644,cust_000552,0,5,53.72967075365888,False
2026-01-24 01:00:00,64.51047642991199,44.444220892613515,cust_000553,1,5,64.51047642991199,False
2026-01-24 02:00:00,40.29295247824757,73.09084006155923,cust_000554,2,5,40.29295247824757,False
2026-01-24 03:00:00,28.47605938077385,38.98899191403531,cust_000555,3,5,28.47605938077385,False
2026-01-24 04:00:00,36.22470920463444,43.185543102161375,cust_000556,4,5,36.22470920463444,False
2026-01-24 05:00:00,63.43090798599297,109.21966289561789,cust_000557,5,5,63.43090798599297,False
2026-01-24 06:00:00,54.98380631504743,75.59206954001793,cust_000558,6,5,54.98380631504743,False
2026-01-24 07:00:00,44.61282822895855,75.63943103817513,cust_000559,7,5,44.61282822895855,False
2026-01-24 08:00:00,66.94145309250096,114.6934467848753,cust_000560,8,5,66.94145309250096,False
2026-01-24 09:00:00,30.384112623263658,47.550452549583,cust_000561,9,5,30.384112623263658,False
2026-01-24 10:00:00,48.200328684877505,49.277146047964095,cust_000562,10,5,48.200328684877505,False
2026-01-24 11:00:00,68.08124758082202,49.07091169460416,cust_000563,11,5,68.08124758082202,False
2026-01-24 12:00:00,70.0423420640802,48.6813216446962,cust_000564,12,5,70.0423420640802,True
2026-01-24 13:00:00,24.156202860091053,83.11753096791594,cust_000565,13,5,24.156202860091053,False
2026-01-24 14:00:00,67.90663433859542,77.78420117276897,cust_000566,14,5,67.90663433859542,False
2026-01-24 15:00:00,54.26612750706013,73.25181838820482,cust_000567,15,5,54.26612750706013,False
2026-01-24 16:00:00,40.669645672418206,75.12795368403786,cust_000568,16,5,40.669645672418206,False
2026-01-24 17:00:00,42.6548505840818,86.9023986332565,cust_000569,17,5,42.6548505840818,False
2026-01-24 18:00:00,48.8891521432703,74.52451896534781,cust_000570,18,5,48.8891521432703,False
2026-01-24 19:00:00,51.15904261851815,42.127446781541664,cust_000571,19,5,51.15904261851815,False
2026-01-24 20:00:00,66.97280124129358,42.648833298449354,cust_000572,20,5,66.97280124129358,False
2026-01-24 21:00:00,66.95348325377483,82.10225367260915,cust_000573,21,5,66.95348325377483,False
2026-01-24 22:00:00,65.58750064405916,48.3182858213534,cust_000574,22,5,65.58750064405916,False
2026-01-24 23:00:00,47.149030814174935,59.381853256029416,cust_000575,23,5,47.149030814174935,False
2026-01-25 00:00:00,41.532355217697514,53.36725467390959,cust_000576,0,6,41.532355217697514,False
2026-01-25 01:00:00,36.61906807187492,96.94597584086615,cust_000577,1,6,36.61906807187492,False
2026-01-25 02:00:00,65.73201784104239,67.62341418212215,cust_000578,2,6,65.73201784104239,False
2026-01-25 03:00:00,63.74594979550316,59.89795907897211,cust_000579,3,6,63.74594979550316,False
2026-01-25 04:00:00,48.59762460447049,82.57343736622809,cust_000580,4,6,48.59762460447049,False
2026-01-25 05:00:00,56.90577484603587,47.01199937666815,cust_000581,5,6,56.90577484603587,False
2026-01-25 06:00:00,59.20378858740176,87.82365817217577,cust_000582,6,6,59.20378858740176,False
2026-01-25 07:00:00,45.1704807799272,71.55641591255954,cust_000583,7,6,45.1704807799272,False
2026-01-25 08:00:00,16.48497169536285,67.30634019485231,cust_000584,8,6,16.48497169536285,False
2026-01-25 09:00:00,43.357486485626694,45.71568815772358,cust_000585,9,6,43.357486485626694,False
2026-01-25 10:00:00,31.689615968694113,107.2745365132532,cust_000586,10,6,31.689615968694113,False
2026-01-25 11:00:00,55.24464716754434,55.18313925802218,cust_000587,11,6,55.24464716754434,False
2026-01-25 12:00:00,51.10050546565133,54.92713716012248,cust_000588,12,6,51.10050546565133,False
2026-01-25 13:00:00,58.91640225677322,75.22621056666841,cust_000589,13,6,58.91640225677322,False
2026-01-25 14:00:00,25.20384832831211,93.10019718612875,cust_000590,14,6,25.20384832831211,False
2026-01-25 15:00:00,47.69549148764497,40.92689028561371,cust_000591,15,6,47.69549148764497,False
2026-01-25 16:00:00,31.60210747750541,19.037895959908155,cust_000592,16,6,31.60210747750541,False
2026-01-25 17:00:00,37.03615781964915,117.81526572463888,cust_000593,17,6,37.03615781964915,False
2026-01-25 18:00:00,42.23229873002203,79.01325044005124,cust_000594,18,6,42.23229873002203,False
2026-01-25 19:00:00,59.109251905105666,93.13743957887336,cust_000595,19,6,59.109251905105666,False
2026-01-25 20:00:00,45.64157393342535,75.012155787387,cust_000596,20,6,45.64157393342535,False
2026-01-25 21:00:00,67.98636054769537,37.18756117525136,cust_000597,21,6,67.98636054769537,False
2026-01-25 22:00:00,61.17401115043069,68.50769062064286,cust_000598,22,6,61.17401115043069,False
2026-01-25 23:00:00,71.20631546994966,100.42128686472576,cust_000599,23,6,71.20631546994966,True
2026-01-26 00:00:00,56.45503574667332,75.67127302718558,cust_000600,0,0,56.45503574667332,False
2026-01-26 01:00:00,38.22401153616199,59.66134629672981,cust_000601,1,0,38.22401153616199,False
2026-01-26 02:00:00,79.30592412472006,67.14542376617156,cust_000602,2,0,79.30592412472006,True
2026-01-26 03:00:00,59.50643980226519,68.63794849193245,cust_000603,3,0,59.50643980226519,False
2026-01-26 04:00:00,50.99725261819592,65.3588279129075,cust_000604,4,0,50.99725261819592,False
2026-01-26 05:00:00,32.2607174351853,59.48508686844784,cust_000605,5,0,32.2607174351853,False
2026-01-26 06:00:00,63.36380018772263,38.21604482829283,cust_000606,6,0,63.36380018772263,False
2026-01-26 07:00:00,45.169901399092176,68.44191798629166,cust_000607,7,0,45.169901399092176,False
2026-01-26 08:00:00,55.21247314386898,63.084324044305035,cust_000608,8,0,55.21247314386898,False
2026-01-26 09:00:00,68.93193736992603,46.158450483004366,cust_000609,9,0,68.93193736992603,False
2026-01-26 10:00:00,48.973557568264525,90.91816697626584,cust_000610,10,0,48.973557568264525,False
2026-01-26 11:00:00,41.00238948165696,84.25542507145164,cust_000611,11,0,41.00238948165696,False
2026-01-26 12:00:00,59.40758879047286,73.72226181115408,cust_000612,12,0,59.40758879047286,False
2026-01-26 13:00:00,42.064082181032965,53.628946691381586,cust_000613,13,0,42.064082181032965,False
2026-01-26 14:00:00,28.65926561809443,76.34324805093134,cust_000614,14,0,28.65926561809443,False
2026-01-26 15:00:00,46.17214394842035,83.56026177640548,cust_000615,15,0,46.17214394842035,False
2026-01-26 16:00:00,31.183517066256044,68.2236237012859,cust_000616,16,0,31.183517066256044,False
2026-01-26 17:00:00,21.9941997278816,33.09269265608609,cust_000617,17,0,21.9941997278816,False
2026-01-26 18:00:00,37.34784452202402,73.39058093170578,cust_000618,18,0,37.34784452202402,False
2026-01-26 19:00:00,53.35594891797729,52.105523281898826,cust_000619,19,0,53.35594891797729,False
2026-01-26 20:00:00,53.56023664542697,56.695419403142026,cust_000620,20,0,53.56023664542697,False
2026-01-26 21:00:00,39.957658949835874,64.4701859744983,cust_000621,21,0,39.957658949835874,False
2026-01-26 22:00:00,31.519486908501463,65.61995668515614,cust_000622,22,0,31.519486908501463,False
2026-01-26 23:00:00,50.17572087154245,56.45611762557209,cust_000623,23,0,50.17572087154245,False
2026-01-27 00:00:00,46.63695540865258,87.5946792473245,cust_000624,0,1,46.63695540865258,False
2026-01-27 01:00:00,74.94504688024847,63.85916237473886,cust_000625,1,1,74.94504688024847,True
2026-01-27 02:00:00,51.21906684155452,97.43371547115174,cust_000626,2,1,51.21906684155452,False
2026-01-27 03:00:00,24.670112699078583,50.78208206943979,cust_000627,3,1,24.670112699078583,False
2026-01-27 04:00:00,44.840221283858014,31.17163132675121,cust_000628,4,1,44.840221283858014,False
2026-01-27 05:00:00,22.831711506613143,43.94106549619307,cust_000629,5,1,22.831711506613143,False
2026-01-27 06:00:00,59.05274021292549,110.12061565859486,cust_000630,6,1,59.05274021292549,False
2026-01-27 07:00:00,30.369794445145683,77.38817245448269,cust_000631,7,1,30.369794445145683,False
2026-01-27 08:00:00,75.28005066907374,56.756333345133896,cust_000632,8,1,75.28005066907374,True
2026-01-27 09:00:00,43.54563739328956,19.173821334505305,cust_000633,9,1,43.54563739328956,False
2026-01-27 10:00:00,81.92806922848482,17.622560385076376,cust_000634,10,1,81.92806922848482,True
2026-01-27 11:00:00,27.73415749237036,67.76340803602213,cust_000635,11,1,27.73415749237036,False
2026-01-27 12:00:00,55.3132404721705,84.92094146998949,cust_000636,12,1,55.3132404721705,False
2026-01-27 13:00:00,72.01005678441476,78.62026868963159,cust_000637,13,1,72.01005678441476,True
2026-01-27 14:00:00,39.32465781501091,69.02606414964521,cust_000638,14,1,39.32465781501091,False
2026-01-27 15:00:00,7.188156372047914,53.094640902741816,cust_000639,15,1,7.188156372047914,False
2026-01-27 16:00:00,32.67745856009644,62.89701448416,cust_000640,16,1,32.67745856009644,False
2026-01-27 17:00:00,54.427640171428315,52.420989913451194,cust_000641,17,1,54.427640171428315,False
2026-01-27 18:00:00,26.53828992420611,80.13967596943019,cust_000642,18,1,26.53828992420611,False
2026-01-27 19:00:00,49.00287783141581,96.58710760865524,cust_000643,19,1,49.00287783141581,False
2026-01-27 20:00:00,48.77524902186122,57.81436303465658,cust_000644,20,1,48.77524902186122,False
2026-01-27 21:00:00,27.07331583915787,107.6676811468674,cust_000645,21,1,27.07331583915787,False
2026-01-27 22:00:00,36.839802603932014,55.39970846405728,cust_000646,22,1,36.839802603932014,False
2026-01-27 23:00:00,40.86124135180188,46.94637051331093,cust_000647,23,1,40.86124135180188,False
2026-01-28 00:00:00,71.06569324550895,94.40455802185848,cust_000648,0,2,71.06569324550895,True
2026-01-28 01:00:00,63.82188416752733,64.03363305311073,cust_000649,1,2,63.82188416752733,False
2026-01-28 02:00:00,52.052458048997664,39.4214691626775,cust_000650,2,2,52.052458048997664,False
2026-01-28 03:00:00,60.01624652477856,63.274935030290166,cust_000651,3,2,60.01624652477856,False
2026-01-28 04:00:00,25.072642780349305,78.05860809194911,cust_000652,4,2,25.072642780349305,False
2026-01-28 05:00:00,23.33247015232283,61.23322794507173,cust_000653,5,2,23.33247015232283,False
2026-01-28 06:00:00,37.32118206231293,105.3120855937095,cust_000654,6,2,37.32118206231293,False
2026-01-28 07:00:00,69.5464367646635,72.98957859574824,cust_000655,7,2,69.5464367646635,True
2026-01-28 08:00:00,60.608386011235794,78.24240419558804,cust_000656,8,2,60.608386011235794,False
2026-01-28 09:00:00,34.680555333752665,65.62765924211456,cust_000657,9,2,34.680555333752665,False
2026-01-28 10:00:00,73.88263422377445,70.66578692106194,cust_000658,10,2,73.88263422377445,True
2026-01-28 11:00:00,45.82905316714142,24.735954269837904,cust_000659,11,2,45.82905316714142,False
2026-01-28 12:00:00,48.491273081005126,85.70726793615742,cust_000660,12,2,48.491273081005126,False
2026-01-28 13:00:00,69.09379808747323,48.640062546840426,cust_000661,13,2,69.09379808747323,True
2026-01-28 14:00:00,40.46424088024425,61.703369605436386,cust_000662,14,2,40.46424088024425,False
2026-01-28 15:00:00,48.40126150478718,45.09520526582854,cust_000663,15,2,48.40126150478718,False
2026-01-28 16:00:00,28.90358445917246,74.51774710987345,cust_000664,16,2,28.90358445917246,False
2026-01-28 17:00:00,53.78077551588394,70.28071177435022,cust_000665,17,2,53.78077551588394,False
2026-01-28 18:00:00,47.55075712620039,97.13745668822294,cust_000666,18,2,47.55075712620039,False
2026-01-28 19:00:00,85.21726638198078,99.80994695280576,cust_000667,19,2,85.21726638198078,True
2026-01-28 20:00:00,57.610382211744025,63.180820971310226,cust_000668,20,2,57.610382211744025,False
2026-01-28 21:00:00,28.609175665957913,29.120589757688116,cust_000669,21,2,28.609175665957913,False
2026-01-28 22:00:00,24.19473302832603,85.99964210800623,cust_000670,22,2,24.19473302832603,False
2026-01-28 23:00:00,47.136028778356234,47.37201244459241,cust_000671,23,2,47.136028778356234,False
2026-01-29 00:00:00,43.65334124653111,77.72393636788718,cust_000672,0,3,43.65334124653111,False
2026-01-29 01:00:00,47.86921440084369,61.34077787540695,cust_000673,1,3,47.86921440084369,False
2026-01-29 02:00:00,55.21370550102138,100.80202605246194,cust_000674,2,3,55.21370550102138,False
2026-01-29 03:00:00,67.93435874336338,10.210087984130851,cust_000675,3,3,67.93435874336338,False
2026-01-29 04:00:00,57.92389589921036,33.09074416878696,cust_000676,4,3,57.92389589921036,False
2026-01-29 05:00:00,47.58052024726556,46.03431989666317,cust_000677,5,3,47.58052024726556,False
2026-01-29 06:00:00,45.02094389431959,62.71589082797088,cust_000678,6,3,45.02094389431959,False
2026-01-29 07:00:00,65.97665096752107,32.29684145721628,cust_000679,7,3,65.97665096752107,False
2026-01-29 08:00:00,53.96519040765279,61.45214009484739,cust_000680,8,3,53.96519040765279,False
2026-01-29 09:00:00,33.901669959503764,55.820140948689065,cust_000681,9,3,33.901669959503764,False
2026-01-29 10:00:00,52.619656563257145,69.35169473556475,cust_000682,10,3,52.619656563257145,False
2026-01-29 11:00:00,46.96803004398848,84.65726222813748,cust_000683,11,3,46.96803004398848,False
2026-01-29 12:00:00,55.93716510711166,54.232527949645245,cust_000684,12,3,55.93716510711166,False
2026-01-29 13:00:00,49.79934499717992,94.92698196622058,cust_000685,13,3,49.79934499717992,False
2026-01-29 14:00:00,65.94595586715822,55.59657109920002,cust_000686,14,3,65.94595586715822,False
2026-01-29 15:00:00,69.0770798772562,64.95426657259952,cust_000687,15,3,69.0770798772562,True
2026-01-29 16:00:00,58.71323763260233,52.857714268257205,cust_000688,16,3,58.71323763260233,False
2026-01-29 17:00:00,58.952252063380335,24.095949967063618,cust_000689,17,3,58.952252063380335,False
2026-01-29 18:00:00,43.74208230753141,77.34389175176283,cust_000690,18,3,43.74208230753141,False
2026-01-29 19:00:00,47.98754506422652,38.180042581550296,cust_000691,19,3,47.98754506422652,False
2026-01-29 20:00:00,68.9726213994391,75.50981955631264,cust_000692,20,3,68.9726213994391,False
2026-01-29 21:00:00,48.800334930115376,42.52279264716548,cust_000693,21,3,48.800334930115376,False
2026-01-29 22:00:00,50.690118503398985,64.34154080947167,cust_000694,22,3,50.690118503398985,False
2026-01-29 23:00:00,54.390029415117496,43.24480141605287,cust_000695,23,3,54.390029415117496,False
2026-01-30 00:00:00,36.449997947205226,40.41647694505743,cust_000696,0,4,36.449997947205226,False
2026-01-30 01:00:00,42.01742101018461,66.84474572586183,cust_000697,1,4,42.01742101018461,False
2026-01-30 02:00:00,31.69305976659564,67.69603149395866,cust_000698,2,4,31.69305976659564,False
2026-01-30 03:00:00,59.44227406861382,66.55028311976142,cust_000699,3,4,59.44227406861382,False
2026-01-30 04:00:00,53.55883047186084,82.01338851638937,cust_000700,4,4,53.55883047186084,False
2026-01-30 05:00:00,39.82170895555579,63.1731608087377,cust_000701,5,4,39.82170895555579,False
2026-01-30 06:00:00,14.9365449926117,74.71872677767698,cust_000702,6,4,14.9365449926117,False
2026-01-30 07:00:00,45.62268507064625,57.22091817332483,cust_000703,7,4,45.62268507064625,False
2026-01-30 08:00:00,50.955890279631866,42.39006405987219,cust_000704,8,4,50.955890279631866,False
2026-01-30 09:00:00,77.73304654731069,75.79115032749719,cust_000705,9,4,77.73304654731069,True
2026-01-30 10:00:00,46.31358232209606,80.36410913584844,cust_000706,10,4,46.31358232209606,False
2026-01-30 11:00:00,54.827400498513214,81.42642672939951,cust_000707,11,4,54.827400498513214,False
2026-01-30 12:00:00,47.55817743349454,79.16649691991388,cust_000708,12,4,47.55817743349454,False
2026-01-30 13:00:00,75.39570985197385,65.30799347369434,cust_000709,13,4,75.39570985197385,True
2026-01-30 14:00:00,44.412647253253176,52.318064235592914,cust_000710,14,4,44.412647253253176,False
2026-01-30 15:00:00,68.39496411986659,71.46219589041232,cust_000711,15,4,68.39496411986659,False
2026-01-30 16:00:00,52.61736426309212,62.03758641925148,cust_000712,16,4,52.61736426309212,False
2026-01-30 17:00:00,47.65383914067319,31.507269630130473,cust_000713,17,4,47.65383914067319,False
2026-01-30 18:00:00,70.75279399577778,78.96902897453867,cust_000714,18,4,70.75279399577778,True
2026-01-30 19:00:00,42.44530919257344,76.48193290511361,cust_000715,19,4,42.44530919257344,False
2026-01-30 20:00:00,68.2535874668477,36.193308105285055,cust_000716,20,4,68.2535874668477,False
2026-01-30 21:00:00,68.98450671758454,77.65303392942488,cust_000717,21,4,68.98450671758454,False
2026-01-30 22:00:00,41.13718253572031,46.79390837869089,cust_000718,22,4,41.13718253572031,False
2026-01-30 23:00:00,57.00409733911121,88.38920873676781,cust_000719,23,4,57.00409733911121,False
2026-01-31 00:00:00,48.74962643564616,72.02551759950295,cust_000720,0,5,48.74962643564616,False
2026-01-31 01:00:00,64.11207293282615,93.92754690979926,cust_000721,1,5,64.11207293282615,False
2026-01-31 02:00:00,62.81752614002535,83.82956067137346,cust_000722,2,5,62.81752614002535,False
2026-01-31 03:00:00,34.156077846745475,36.242999987637894,cust_000723,3,5,34.156077846745475,False
2026-01-31 04:00:00,44.42846218719649,87.47575246324317,cust_000724,4,5,44.42846218719649,False
2026-01-31 05:00:00,61.217460193193574,51.630965736399695,cust_000725,5,5,61.217460193193574,False
2026-01-31 06:00:00,25.507483826371335,46.17129465776355,cust_000726,6,5,25.507483826371335,False
2026-01-31 07:00:00,72.90382663985507,69.85471690165268,cust_000727,7,5,72.90382663985507,True
2026-01-31 08:00:00,53.79408229319475,62.51952782501882,cust_000728,8,5,53.79408229319475,False
2026-01-31 09:00:00,52.32089325460762,61.94459841267484,cust_000729,9,5,52.32089325460762,False
2026-01-31 10:00:00,70.3235637149943,63.10075117815744,cust_000730,10,5,70.3235637149943,True
2026-01-31 11:00:00,48.681194265938,64.74756616566238,cust_000731,11,5,48.681194265938,False
2026-01-31 12:00:00,46.594492400056325,60.56759109780795,cust_000732,12,5,46.594492400056325,False
2026-01-31 13:00:00,47.26107079731229,88.72465364696772,cust_000733,13,5,47.26107079731229,False
2026-01-31 14:00:00,37.35701789182254,75.13015728928384,cust_000734,14,5,37.35701789182254,False
2026-01-31 15:00:00,28.63823686427449,31.852909596202025,cust_000735,15,5,28.63823686427449,False
2026-01-31 16:00:00,56.54309542827711,25.4208949002356,cust_000736,16,5,56.54309542827711,False
2026-01-31 17:00:00,39.440635216369394,34.08865785357341,cust_000737,17,5,39.440635216369394,False
2026-01-31 18:00:00,68.39212418478769,66.49101843782923,cust_000738,18,5,68.39212418478769,False
2026-01-31 19:00:00,46.58901004316704,68.21534577464458,cust_000739,19,5,46.58901004316704,False
2026-01-31 20:00:00,59.10415863948254,58.882348711959025,cust_000740,20,5,59.10415863948254,False
2026-01-31 21:00:00,31.886171829115312,62.38154390687127,cust_000741,21,5,31.886171829115312,False
2026-01-31 22:00:00,62.47018540360183,60.25609735331475,cust_000742,22,5,62.47018540360183,False
2026-01-31 23:00:00,31.449695677642257,90.79540182085312,cust_000743,23,5,31.449695677642257,False
2026-02-01 00:00:00,47.25326244437067,79.53202359630349,cust_000744,0,6,47.25326244437067,False
2026-02-01 01:00:00,44.47506130861689,59.48731760747,cust_000745,1,6,44.47506130861689,False
2026-02-01 02:00:00,53.32344441179761,63.49186549866531,cust_000746,2,6,53.32344441179761,False
2026-02-01 03:00:00,65.51470738626747,84.76777421892807,cust_000747,3,6,65.51470738626747,False
2026-02-01 04:00:00,47.91546161245569,83.7677821662043,cust_000748,4,6,47.91546161245569,False
2026-02-01 05:00:00,66.68017892000395,77.17223869976016,cust_000749,5,6,66.68017892000395,False
2026-02-01 06:00:00,58.44592107170321,42.197679065217166,cust_000750,6,6,58.44592107170321,False
2026-02-01 07:00:00,43.63766231890029,46.998393567540575,cust_000751,7,6,43.63766231890029,False
2026-02-01 08:00:00,56.209706876662,55.46148848665638,cust_000752,8,6,56.209706876662,False
2026-02-01 09:00:00,65.722040125226,59.21044089309741,cust_000753,9,6,65.722040125226,False
2026-02-01 10:00:00,48.515934737143475,52.510712240823125,cust_000754,10,6,48.515934737143475,False
2026-02-01 11:00:00,51.78230444275362,62.79981903816314,cust_000755,11,6,51.78230444275362,False
2026-02-01 12:00:00,35.459794156309464,37.43272548296734,cust_000756,12,6,35.459794156309464,False
2026-02-01 13:00:00,56.97990294689155,57.12428542337474,cust_000757,13,6,56.97990294689155,False
2026-02-01 14:00:00,43.38016964054681,87.08457079382029,cust_000758,14,6,43.38016964054681,False
2026-02-01 15:00:00,49.13532431928297,80.06361443230196,cust_000759,15,6,49.13532431928297,False
2026-02-01 16:00:00,61.68742346031548,38.283811812119296,cust_000760,16,6,61.68742346031548,False
2026-02-01 17:00:00,49.4744353375532,58.1355804784612,cust_000761,17,6,49.4744353375532,False
2026-02-01 18:00:00,47.40579082169518,40.2545255506816,cust_000762,18,6,47.40579082169518,False
2026-02-01 19:00:00,45.55946268213964,67.71844844915081,cust_000763,19,6,45.55946268213964,False
2026-02-01 20:00:00,32.140044954495025,47.162632696491194,cust_000764,20,6,32.140044954495025,False
2026-02-01 21:00:00,43.200748628683456,44.11609677053865,cust_000765,21,6,43.200748628683456,False
2026-02-01 22:00:00,58.3132524698404,69.32340883103488,cust_000766,22,6,58.3132524698404,False
2026-02-01 23:00:00,44.469214038939455,75.16399020724164,cust_000767,23,6,44.469214038939455,False
2026-02-02 00:00:00,32.48743119790535,56.91016623033801,cust_000768,0,0,32.48743119790535,False
2026-02-02 01:00:00,66.48515137435753,60.87287794146259,cust_000769,1,0,66.48515137435753,False
2026-02-02 02:00:00,47.70452276851711,52.03605833721204,cust_000770,2,0,47.70452276851711,False
2026-02-02 03:00:00,62.329053746715275,37.476991235726366,cust_000771,3,0,62.329053746715275,False
2026-02-02 04:00:00,7.194981049873498,83.11573473308493,cust_000772,4,0,7.194981049873498,False
2026-02-02 05:00:00,50.69505935483529,60.08402263025531,cust_000773,5,0,50.69505935483529,False
2026-02-02 06:00:00,70.50348478491621,66.88762714408412,cust_000774,6,0,70.50348478491621,True
2026-02-02 07:00:00,53.18637610292621,21.514873287163702,cust_000775,7,0,53.18637610292621,False
2026-02-02 08:00:00,53.69578057801079,90.18647204518082,cust_000776,8,0,53.69578057801079,False
2026-02-02 09:00:00,50.012314386246736,98.54099565857244,cust_000777,9,0,50.012314386246736,False
2026-02-02 10:00:00,38.74941639294762,69.07670852808116,cust_000778,10,0,38.74941639294762,False
2026-02-02 11:00:00,72.02175664146007,104.25075267965576,cust_000779,11,0,72.02175664146007,True
2026-02-02 12:00:00,59.40447486922101,58.8388949523414,cust_000780,12,0,59.40447486922101,False
2026-02-02 13:00:00,41.25230004008929,96.03715881487145,cust_000781,13,0,41.25230004008929,False
2026-02-02 14:00:00,50.67661117410959,92.16259286859484,cust_000782,14,0,50.67661117410959,False
2026-02-02 15:00:00,63.93249620530421,79.85467827535972,cust_000783,15,0,63.93249620530421,False
2026-02-02 16:00:00,44.75620893523751,88.02808170552785,cust_000784,16,0,44.75620893523751,False
2026-02-02 17:00:00,44.74741260813029,64.46565304480676,cust_000785,17,0,44.74741260813029,False
2026-02-02 18:00:00,50.71360232390515,66.24473992403958,cust_000786,18,0,50.71360232390515,False
2026-02-02 19:00:00,41.66401756327835,56.56775149863802,cust_000787,19,0,41.66401756327835,False
2026-02-02 20:00:00,25.464605048209908,102.99720681498552,cust_000788,20,0,25.464605048209908,False
2026-02-02 21:00:00,56.637405611189294,63.799582579030606,cust_000789,21,0,56.637405611189294,False
2026-02-02 22:00:00,52.52174905739706,67.76743502485625,cust_000790,22,0,52.52174905739706,False
2026-02-02 23:00:00,33.415499669984435,54.798112159286305,cust_000791,23,0,33.415499669984435,False
2026-02-03 00:00:00,48.231584509971384,67.06882195639533,cust_000792,0,1,48.231584509971384,False
2026-02-03 01:00:00,46.302608518331525,54.8126777884929,cust_000793,1,1,46.302608518331525,False
2026-02-03 02:00:00,69.90590162943623,37.18755219740843,cust_000794,2,1,69.90590162943623,True
2026-02-03 03:00:00,45.03741950760198,38.942284710816054,cust_000795,3,1,45.03741950760198,False
2026-02-03 04:00:00,54.90465461826106,8.070361455796657,cust_000796,4,1,54.90465461826106,False
2026-02-03 05:00:00,64.56015422768859,64.73930271562547,cust_000797,5,1,64.56015422768859,False
2026-02-03 06:00:00,47.83030132828373,77.87266246821903,cust_000798,6,1,47.83030132828373,False
2026-02-03 07:00:00,41.23589052228768,58.01422830357528,cust_000799,7,1,41.23589052228768,False
2026-02-03 08:00:00,20.244200590448223,60.41378755420973,cust_000800,8,1,20.244200590448223,False
2026-02-03 09:00:00,61.96618194920736,98.47477607742464,cust_000801,9,1,61.96618194920736,False
2026-02-03 10:00:00,72.50084732604128,97.97992118135588,cust_000802,10,1,72.50084732604128,True
2026-02-03 11:00:00,67.76000939133066,47.52148691068829,cust_000803,11,1,67.76000939133066,False
2026-02-03 12:00:00,62.03340342743357,93.43781851791222,cust_000804,12,1,62.03340342743357,False
2026-02-03 13:00:00,27.037616697572226,43.08107350181673,cust_000805,13,1,27.037616697572226,False
2026-02-03 14:00:00,63.42389846345313,76.1979785923112,cust_000806,14,1,63.42389846345313,False
2026-02-03 15:00:00,47.89652260473769,47.23864481493528,cust_000807,15,1,47.89652260473769,False
2026-02-03 16:00:00,22.11625721163331,51.17044953687895,cust_000808,16,1,22.11625721163331,False
2026-02-03 17:00:00,31.023728958472415,76.40814061645673,cust_000809,17,1,31.023728958472415,False
2026-02-03 18:00:00,50.03195099800149,66.91912732747501,cust_000810,18,1,50.03195099800149,False
2026-02-03 19:00:00,55.32069887987726,66.84435637208755,cust_000811,19,1,55.32069887987726,False
2026-02-03 20:00:00,75.41793584414563,37.49914055075807,cust_000812,20,1,75.41793584414563,True
2026-02-03 21:00:00,45.97965488793544,79.67740067104181,cust_000813,21,1,45.97965488793544,False
2026-02-03 22:00:00,67.033972914317,52.25624692442601,cust_000814,22,1,67.033972914317,False
2026-02-03 23:00:00,56.08581537140399,95.59481822004514,cust_000815,23,1,56.08581537140399,False
2026-02-04 00:00:00,69.70849434167306,100.16499447097203,cust_000816,0,2,69.70849434167306,True
2026-02-04 01:00:00,58.386209958497815,57.96256132178869,cust_000817,1,2,58.386209958497815,False
2026-02-04 02:00:00,43.206500150020744,83.24365176090686,cust_000818,2,2,43.206500150020744,False
2026-02-04 03:00:00,38.35716836148513,85.38923426765712,cust_000819,3,2,38.35716836148513,False
2026-02-04 04:00:00,57.15880927505304,46.286268683794695,cust_000820,4,2,57.15880927505304,False
2026-02-04 05:00:00,54.03877058887119,95.70820544563324,cust_000821,5,2,54.03877058887119,False
2026-02-04 06:00:00,39.43399989005182,60.46361888375912,cust_000822,6,2,39.43399989005182,False
2026-02-04 07:00:00,41.483546570706224,64.39984147415669,cust_000823,7,2,41.483546570706224,False
2026-02-04 08:00:00,70.67882013325163,39.74546700460302,cust_000824,8,2,70.67882013325163,True
2026-02-04 09:00:00,45.23841951690551,48.79840753705414,cust_000825,9,2,45.23841951690551,False
2026-02-04 10:00:00,52.33761080036697,44.7421423037837,cust_000826,10,2,52.33761080036697,False
2026-02-04 11:00:00,61.53828824645587,47.84481989044124,cust_000827,11,2,61.53828824645587,False
2026-02-04 12:00:00,33.73637472022503,70.53280766303882,cust_000828,12,2,33.73637472022503,False
2026-02-04 13:00:00,43.68702201648544,64.9983898496295,cust_000829,13,2,43.68702201648544,False
2026-02-04 14:00:00,58.96185975947485,93.47400730332171,cust_000830,14,2,58.96185975947485,False
2026-02-04 15:00:00,42.9978900552619,92.44227134567582,cust_000831,15,2,42.9978900552619,False
2026-02-04 16:00:00,52.29073332597666,69.88641040386102,cust_000832,16,2,52.29073332597666,False
2026-02-04 17:00:00,40.32793362218584,37.74097616884235,cust_000833,17,2,40.32793362218584,False
2026-02-04 18:00:00,54.185101806058064,39.356060624061485,cust_000834,18,2,54.185101806058064,False
2026-02-04 19:00:00,45.51105273941905,69.95589594015956,cust_000835,19,2,45.51105273941905,False
2026-02-04 20:00:00,59.86956178569574,68.141943769433,cust_000836,20,2,59.86956178569574,False
2026-02-04 21:00:00,39.31187871671483,42.81929921520913,cust_000837,21,2,39.31187871671483,False
2026-02-04 22:00:00,47.34157264430287,90.38784611360109,cust_000838,22,2,47.34157264430287,False
2026-02-04 23:00:00,57.40609864346429,53.01713346537621,cust_000839,23,2,57.40609864346429,False
2026-02-05 00:00:00,27.91777426448989,62.442157937651984,cust_000840,0,3,27.91777426448989,False
2026-02-05 01:00:00,65.21939280247157,43.56337603830764,cust_000841,1,3,65.21939280247157,False
2026-02-05 02:00:00,42.727099735032,40.53448264135806,cust_000842,2,3,42.727099735032,False
2026-02-05 03:00:00,65.6317537639645,64.95649529376018,cust_000843,3,3,65.6317537639645,False
2026-02-05 04:00:00,18.626002192564275,119.85353077040926,cust_000844,4,3,18.626002192564275,False
2026-02-05 05:00:00,50.26294035246425,61.54238226183209,cust_000845,5,3,50.26294035246425,False
2026-02-05 06:00:00,60.23503453016249,52.968187129367585,cust_000846,6,3,60.23503453016249,False
2026-02-05 07:00:00,46.374377963879226,78.47101744232326,cust_000847,7,3,46.374377963879226,False
2026-02-05 08:00:00,57.44442445376048,25.444738460215476,cust_000848,8,3,57.44442445376048,False
2026-02-05 09:00:00,49.308580048848896,51.72083777610537,cust_000849,9,3,49.308580048848896,False
2026-02-05 10:00:00,37.39651210173419,61.86429106085646,cust_000850,10,3,37.39651210173419,False
2026-02-05 11:00:00,34.08952838287827,33.638491372834295,cust_000851,11,3,34.08952838287827,False
2026-02-05 12:00:00,40.04539403105631,77.74676801848129,cust_000852,12,3,40.04539403105631,False
2026-02-05 13:00:00,17.04450539293257,58.71360611427696,cust_000853,13,3,17.04450539293257,False
2026-02-05 14:00:00,51.45171750598182,40.94943932373563,cust_000854,14,3,51.45171750598182,False
2026-02-05 15:00:00,61.87688767596751,24.53547720665582,cust_000855,15,3,61.87688767596751,False
2026-02-05 16:00:00,61.40257034095068,67.76557557348356,cust_000856,16,3,61.40257034095068,False
2026-02-05 17:00:00,73.80367512560392,27.513532136983756,cust_000857,17,3,73.80367512560392,True
2026-02-05 18:00:00,48.276855407125566,87.3674239859408,cust_000858,18,3,48.276855407125566,False
2026-02-05 19:00:00,42.64418481136227,71.21481929788708,cust_000859,19,3,42.64418481136227,False
2026-02-05 20:00:00,45.52449714074832,62.55543031199811,cust_000860,20,3,45.52449714074832,False
2026-02-05 21:00:00,14.384183388919546,61.48334670798933,cust_000861,21,3,14.384183388919546,False
2026-02-05 22:00:00,48.591863719987145,87.38021584271203,cust_000862,22,3,48.591863719987145,False
2026-02-05 23:00:00,45.77564203031287,56.322592651606776,cust_000863,23,3,45.77564203031287,False
2026-02-06 00:00:00,19.84679812488579,30.39651151491897,cust_000864,0,4,19.84679812488579,False
2026-02-06 01:00:00,39.51608554205127,66.16057543549981,cust_000865,1,4,39.51608554205127,False
2026-02-06 02:00:00,38.56228667393951,72.0787653718601,cust_000866,2,4,38.56228667393951,False
2026-02-06 03:00:00,45.96093627235199,35.25928420189679,cust_000867,3,4,45.96093627235199,False
2026-02-06 04:00:00,40.96936708129812,57.28524343247544,cust_000868,4,4,40.96936708129812,False
2026-02-06 05:00:00,64.51107096110151,89.13411179401237,cust_000869,5,4,64.51107096110151,False
2026-02-06 06:00:00,43.36521389985406,46.41050259311958,cust_000870,6,4,43.36521389985406,False
2026-02-06 07:00:00,84.75079413100778,59.88248022739219,cust_000871,7,4,84.75079413100778,True
2026-02-06 08:00:00,45.79135477631088,56.79387602138051,cust_000872,8,4,45.79135477631088,False
2026-02-06 09:00:00,53.38378588161784,35.411228762131074,cust_000873,9,4,53.38378588161784,False
2026-02-06 10:00:00,35.50270835599244,38.7867347883677,cust_000874,10,4,35.50270835599244,False
2026-02-06 11:00:00,33.296509737684154,82.77378230062659,cust_000875,11,4,33.296509737684154,False
2026-02-06 12:00:00,63.94088539285628,107.48562813442132,cust_000876,12,4,63.94088539285628,False
2026-02-06 13:00:00,42.33048219451659,73.23587141837434,cust_000877,13,4,42.33048219451659,False
2026-02-06 14:00:00,34.434297374154475,50.824590040109925,cust_000878,14,4,34.434297374154475,False
2026-02-06 15:00:00,24.58366660930312,74.49145903708528,cust_000879,15,4,24.58366660930312,False
2026-02-06 16:00:00,35.18935919761096,86.59635347831308,cust_000880,16,4,35.18935919761096,False
2026-02-06 17:00:00,71.93702783710918,64.74027457425977,cust_000881,17,4,71.93702783710918,True
2026-02-06 18:00:00,32.52455617252081,74.63398206140883,cust_000882,18,4,32.52455617252081,False
2026-02-06 19:00:00,51.56315175693651,62.614581657140384,cust_000883,19,4,51.56315175693651,False
2026-02-06 20:00:00,48.10290354251943,55.82448449584921,cust_000884,20,4,48.10290354251943,False
2026-02-06 21:00:00,57.19689635182078,81.82089475978604,cust_000885,21,4,57.19689635182078,False
2026-02-06 22:00:00,62.47641341061168,61.532746797157614,cust_000886,22,4,62.47641341061168,False
2026-02-06 23:00:00,80.17148770514044,84.27766881706282,cust_000887,23,4,80.17148770514044,True
2026-02-07 00:00:00,53.58201810735227,73.39054196624352,cust_000888,0,5,53.58201810735227,False
2026-02-07 01:00:00,50.48250034819644,76.60765761084123,cust_000889,1,5,50.48250034819644,False
2026-02-07 02:00:00,37.08880218357757,57.85749452680281,cust_000890,2,5,37.08880218357757,False
2026-02-07 03:00:00,68.14995607609762,47.53201540391807,cust_000891,3,5,68.14995607609762,False
2026-02-07 04:00:00,33.28971743221981,40.58796903385925,cust_000892,4,5,33.28971743221981,False
2026-02-07 05:00:00,42.92715805718096,74.59329067711808,cust_000893,5,5,42.92715805718096,False
2026-02-07 06:00:00,28.94859367246771,74.59876994357839,cust_000894,6,5,28.94859367246771,False
2026-02-07 07:00:00,46.573577979572995,68.67098420266326,cust_000895,7,5,46.573577979572995,False
2026-02-07 08:00:00,56.25467128978917,48.88943890344743,cust_000896,8,5,56.25467128978917,False
2026-02-07 09:00:00,41.59833475353731,56.42009210727227,cust_000897,9,5,41.59833475353731,False
2026-02-07 10:00:00,70.36706122415005,83.41410425592065,cust_000898,10,5,70.36706122415005,True
2026-02-07 11:00:00,43.68675372671959,85.46413464204107,cust_000899,11,5,43.68675372671959,False
2026-02-07 12:00:00,30.20258581199938,52.36121191010803,cust_000900,12,5,30.20258581199938,False
2026-02-07 13:00:00,52.666147082478574,63.83881440753277,cust_000901,13,5,52.666147082478574,False
2026-02-07 14:00:00,51.431431726371855,62.45601222470992,cust_000902,14,5,51.431431726371855,False
2026-02-07 15:00:00,52.906057624714705,56.50611548996322,cust_000903,15,5,52.906057624714705,False
2026-02-07 16:00:00,52.342342897751344,51.75142329319472,cust_000904,16,5,52.342342897751344,False
2026-02-07 17:00:00,13.054485906202215,83.95190111124853,cust_000905,17,5,13.054485906202215,False
2026-02-07 18:00:00,42.73561937071816,57.7457030299884,cust_000906,18,5,42.73561937071816,False
2026-02-07 19:00:00,46.75738077706168,86.40190558805301,cust_000907,19,5,46.75738077706168,False
2026-02-07 20:00:00,29.23173794558409,44.94980552103302,cust_000908,20,5,29.23173794558409,False
2026-02-07 21:00:00,55.29276758237895,46.56219498012052,cust_000909,21,5,55.29276758237895,False
2026-02-07 22:00:00,54.39388883299296,89.04409036683059,cust_000910,22,5,54.39388883299296,False
2026-02-07 23:00:00,70.70513831765219,41.93603240337205,cust_000911,23,5,70.70513831765219,True
2026-02-08 00:00:00,55.97222629411962,71.79399219787058,cust_000912,0,6,55.97222629411962,False
2026-02-08 01:00:00,16.284034261794005,51.923436561271785,cust_000913,1,6,16.284034261794005,False
2026-02-08 02:00:00,67.99400190070078,81.54687323606213,cust_000914,2,6,67.99400190070078,False
2026-02-08 03:00:00,69.00100127983987,89.01804773755924,cust_000915,3,6,69.00100127983987,False
2026-02-08 04:00:00,54.44706853174868,40.02762010509277,cust_000916,4,6,54.44706853174868,False
2026-02-08 05:00:00,62.57684382714029,48.99669212100905,cust_000917,5,6,62.57684382714029,False
2026-02-08 06:00:00,53.824925807611734,69.51001902937998,cust_000918,6,6,53.824925807611734,False
2026-02-08 07:00:00,35.92729107598362,43.600830939762346,cust_000919,7,6,35.92729107598362,False
2026-02-08 08:00:00,61.76191690407618,102.34608218804972,cust_000920,8,6,61.76191690407618,False
2026-02-08 09:00:00,48.20956583762473,49.659243747868494,cust_000921,9,6,48.20956583762473,False
2026-02-08 10:00:00,48.02256520304664,42.35158361267399,cust_000922,10,6,48.02256520304664,False
2026-02-08 11:00:00,82.51529196164748,63.02651568969481,cust_000923,11,6,82.51529196164748,True
2026-02-08 12:00:00,51.37151714452286,51.66733032635112,cust_000924,12,6,51.37151714452286,False
2026-02-08 13:00:00,68.32866950375923,76.35919146488952,cust_000925,13,6,68.32866950375923,False
2026-02-08 14:00:00,60.60371677075958,89.20249444306737,cust_000926,14,6,60.60371677075958,False
2026-02-08 15:00:00,52.20896561140226,84.76349995998822,cust_000927,15,6,52.20896561140226,False
2026-02-08 16:00:00,48.29195665899364,61.223538466505545,cust_000928,16,6,48.29195665899364,False
2026-02-08 17:00:00,69.56766109795353,75.58644831001857,cust_000929,17,6,69.56766109795353,True
2026-02-08 18:00:00,40.66330868294536,49.78875599197214,cust_000930,18,6,40.66330868294536,False
2026-02-08 19:00:00,48.25510129012101,92.70162080844574,cust_000931,19,6,48.25510129012101,False
2026-02-08 20:00:00,72.9290406026542,76.74535186237317,cust_000932,20,6,72.9290406026542,True
2026-02-08 21:00:00,63.41815295174555,49.69761584842034,cust_000933,21,6,63.41815295174555,False
2026-02-08 22:00:00,51.09522580056995,53.36571134130406,cust_000934,22,6,51.09522580056995,False
2026-02-08 23:00:00,42.32674669908432,74.05487975667847,cust_000935,23,6,42.32674669908432,False
2026-02-09 00:00:00,29.34548504786913,48.34274426226962,cust_000936,0,0,29.34548504786913,False
2026-02-09 01:00:00,58.053820765950064,52.72908222393973,cust_000937,1,0,58.053820765950064,False
2026-02-09 02:00:00,67.2135592563123,76.36252354076552,cust_000938,2,0,67.2135592563123,False
2026-02-09 03:00:00,51.87139217525152,67.67893979079307,cust_000939,3,0,51.87139217525152,False
2026-02-09 04:00:00,65.6747618995415,107.67213337960897,cust_000940,4,0,65.6747618995415,False
2026-02-09 05:00:00,57.008360952084665,37.79777911205397,cust_000941,5,0,57.008360952084665,False
2026-02-09 06:00:00,51.06624039225323,80.83128053436921,cust_000942,6,0,51.06624039225323,False
2026-02-09 07:00:00,33.914835519038576,50.390439722557275,cust_000943,7,0,33.914835519038576,False
2026-02-09 08:00:00,41.07907105163363,45.3499914819611,cust_000944,8,0,41.07907105163363,False
2026-02-09 09:00:00,65.40277650149672,60.48172362113837,cust_000945,9,0,65.40277650149672,False
2026-02-09 10:00:00,75.74459780754816,75.48022676364954,cust_000946,10,0,75.74459780754816,True
2026-02-09 11:00:00,64.37365801352303,107.21624970354168,cust_000947,11,0,64.37365801352303,False
2026-02-09 12:00:00,29.163214318845803,46.82628907981238,cust_000948,12,0,29.163214318845803,False
2026-02-09 13:00:00,40.07069578474498,69.32574592367195,cust_000949,13,0,40.07069578474498,False
2026-02-09 14:00:00,48.9664985088581,57.42726169496869,cust_000950,14,0,48.9664985088581,False
2026-02-09 15:00:00,33.648302442860526,58.91023122001597,cust_000951,15,0,33.648302442860526,False
2026-02-09 16:00:00,30.470127250765913,34.18924583048904,cust_000952,16,0,30.470127250765913,False
2026-02-09 17:00:00,59.1559854447395,54.91262600607707,cust_000953,17,0,59.1559854447395,False
2026-02-09 18:00:00,63.51731551349032,41.482046244873985,cust_000954,18,0,63.51731551349032,False
2026-02-09 19:00:00,57.1125954675385,68.88068612931599,cust_000955,19,0,57.1125954675385,False
2026-02-09 20:00:00,70.84305857448346,62.03801393007155,cust_000956,20,0,70.84305857448346,True
2026-02-09 21:00:00,61.56614655139883,52.7354110693733,cust_000957,21,0,61.56614655139883,False
2026-02-09 22:00:00,75.18541331389281,102.1484324637788,cust_000958,22,0,75.18541331389281,True
2026-02-09 23:00:00,42.45787931403808,39.87846218649462,cust_000959,23,0,42.45787931403808,False
2026-02-10 00:00:00,60.34626235665827,65.9669686192262,cust_000960,0,1,60.34626235665827,False
2026-02-10 01:00:00,75.29929198136789,60.58195476428248,cust_000961,1,1,75.29929198136789,True
2026-02-10 02:00:00,54.055605984111146,125.0454127878277,cust_000962,2,1,54.055605984111146,False
2026-02-10 03:00:00,58.324495929722175,70.63795304820925,cust_000963,3,1,58.324495929722175,False
2026-02-10 04:00:00,39.26313456269567,62.0232238579345,cust_000964,4,1,39.26313456269567,False
2026-02-10 05:00:00,61.07004466101253,39.79605991349638,cust_000965,5,1,61.07004466101253,False
2026-02-10 06:00:00,35.059535151516535,83.87814553325991,cust_000966,6,1,35.059535151516535,False
2026-02-10 07:00:00,38.54972333357348,49.729933857297,cust_000967,7,1,38.54972333357348,False
2026-02-10 08:00:00,48.17326017937186,106.44426506858753,cust_000968,8,1,48.17326017937186,False
2026-02-10 09:00:00,35.39836381221976,91.51953674731637,cust_000969,9,1,35.39836381221976,False
2026-02-10 10:00:00,69.05832261195319,79.93317892614321,cust_000970,10,1,69.05832261195319,True
2026-02-10 11:00:00,63.51237766605702,91.69483914047156,cust_000971,11,1,63.51237766605702,False
2026-02-10 12:00:00,52.8805755236336,71.43875763375057,cust_000972,12,1,52.8805755236336,False
2026-02-10 13:00:00,56.52275740673704,62.40843500127381,cust_000973,13,1,56.52275740673704,False
2026-02-10 14:00:00,45.78285747573576,67.79143956248515,cust_000974,14,1,45.78285747573576,False
2026-02-10 15:00:00,67.98411189405189,47.3527745660458,cust_000975,15,1,67.98411189405189,False
2026-02-10 16:00:00,27.09057899200188,51.83807360952521,cust_000976,16,1,27.09057899200188,False
2026-02-10 17:00:00,72.90471169271454,81.05434677643957,cust_000977,17,1,72.90471169271454,True
2026-02-10 18:00:00,60.23575931572009,65.53335325279146,cust_000978,18,1,60.23575931572009,False
2026-02-10 19:00:00,56.47076391637647,9.96119653843366,cust_000979,19,1,56.47076391637647,False
2026-02-10 20:00:00,39.77441177986104,50.11728859858651,cust_000980,20,1,39.77441177986104,False
2026-02-10 21:00:00,50.689503250766776,88.90351065608478,cust_000981,21,1,50.689503250766776,False
2026-02-10 22:00:00,33.98134603465495,31.30698726162278,cust_000982,22,1,33.98134603465495,False
2026-02-10 23:00:00,57.207204753932395,71.97045954146641,cust_000983,23,1,57.207204753932395,False
2026-02-11 00:00:00,41.19735167639204,81.41415535886505,cust_000984,0,2,41.19735167639204,False
2026-02-11 01:00:00,66.497037555093,91.9267163998324,cust_000985,1,2,66.497037555093,False
2026-02-11 02:00:00,54.53544061722087,32.55315565094293,cust_000986,2,2,54.53544061722087,False
2026-02-11 03:00:00,56.82368737359872,56.74509232741173,cust_000987,3,2,56.82368737359872,False
2026-02-11 04:00:00,61.433160654626434,36.84911975102437,cust_000988,4,2,61.433160654626434,False
2026-02-11 05:00:00,39.36688538052437,110.15697991011176,cust_000989,5,2,39.36688538052437,False
2026-02-11 06:00:00,44.72989148664659,17.25876053890243,cust_000990,6,2,44.72989148664659,False
2026-02-11 07:00:00,16.32525099220795,80.62377397163074,cust_000991,7,2,16.32525099220795,False
2026-02-11 08:00:00,54.8765711633987,48.126444965940955,cust_000992,8,2,54.8765711633987,False
2026-02-11 09:00:00,45.30657316331995,52.947303792935614,cust_000993,9,2,45.30657316331995,False
2026-02-11 10:00:00,42.453277061869066,77.4996587643672,cust_000994,10,2,42.453277061869066,False
2026-02-11 11:00:00,62.50309083214313,68.28078473111377,cust_000995,11,2,62.50309083214313,False
2026-02-11 12:00:00,56.28004934068529,53.92190453874494,cust_000996,12,2,56.28004934068529,False
2026-02-11 13:00:00,37.37507803707523,38.27192668080266,cust_000997,13,2,37.37507803707523,False
2026-02-11 14:00:00,26.640733906452898,48.15098045027701,cust_000998,14,2,26.640733906452898,False
2026-02-11 15:00:00,51.91229992538256,101.153779011508,cust_000999,15,2,51.91229992538256,False
