timestamp,usage_kwh,temperature_f,customer_id
2026-01-01 00:00:00,53.548744987627856,83.03962322487524,cust_000000
2026-01-01 01:00:00,54.37266226896203,67.51848933875763,cust_000001
2026-01-01 02:00:00,83.2451665749779,40.354155596707294,cust_000002
2026-01-01 03:00:00,52.05332375745118,96.92862870031526,cust_000003
2026-01-01 04:00:00,48.429363876225324,72.77094248519955,cust_000004
2026-01-01 05:00:00,68.54710992147176,42.344006003534744,cust_000005
2026-01-01 06:00:00,73.1427961106719,12.601388601746564,cust_000006
2026-01-01 07:00:00,34.86290654021324,82.32345150414449,cust_000007
2026-01-01 08:00:00,55.89491541632484,48.21725328194646,cust_000008
2026-01-01 09:00:00,80.85886743123615,67.85599403050072,cust_000009
2026-01-01 10:00:00,59.004412378540984,75.9570379228346,cust_000010
2026-01-01 11:00:00,36.325703133763426,47.98861509291615,cust_000011
2026-01-01 12:00:00,28.61015256062526,57.08518745602104,cust_000012
2026-01-01 13:00:00,29.321601393601128,65.20661400470284,cust_000013
2026-01-01 14:00:00,31.149666053768,54.550936329984054,cust_000014
2026-01-01 15:00:00,50.646892560905194,75.1953866188722,cust_000015
2026-01-01 16:00:00,58.15741191072228,61.045429722444496,cust_000016
2026-01-01 17:00:00,53.914220313563675,62.329487812734236,cust_000017
2026-01-01 18:00:00,45.63828456090484,60.67516727631205,cust_000018
2026-01-01 19:00:00,49.498213143306906,36.822109314320635,cust_000019
2026-01-01 20:00:00,72.88739245019748,81.76004001427022,cust_000020
2026-01-01 21:00:00,57.153062862867365,73.44998060868268,cust_000021
2026-01-01 22:00:00,41.24064528451488,93.56895874211081,cust_000022
2026-01-01 23:00:00,68.9804167269458,80.69585633816523,cust_000023
2026-01-02 00:00:00,43.37590356427063,68.68346617788065,cust_000024
2026-01-02 01:00:00,44.855932298978004,50.56890224870668,cust_000025
2026-01-02 02:00:00,56.48920878274136,57.967980722963844,cust_000026
2026-01-02 03:00:00,44.17377606860322,74.07998427287345,cust_000027
2026-01-02 04:00:00,45.49747247367214,57.610549839793705,cust_000028
2026-01-02 05:00:00,69.13877475349315,75.20599010598436,cust_000029
2026-01-02 06:00:00,38.77607131187388,79.1027545976391,cust_000030
2026-01-02 07:00:00,16.489333766887718,77.08423507164414,cust_000031
2026-01-02 08:00:00,41.33863099707891,106.08395600682863,cust_000032
2026-01-02 09:00:00,48.07723041284961,81.01697863477222,cust_000033
2026-01-02 10:00:00,22.6150553353867,52.13861701900271,cust_000034
2026-01-02 11:00:00,39.51090332907742,66.25483467211345,cust_000035
2026-01-02 12:00:00,52.69019810197056,76.14568799532512,cust_000036
2026-01-02 13:00:00,43.86465450217735,108.51022416094011,cust_000037
2026-01-02 14:00:00,52.718152278841096,74.90493951852253,cust_000038
2026-01-02 15:00:00,64.3500140983649,99.85327061809751,cust_000039
2026-01-02 16:00:00,44.51996363692898,34.830409817053635,cust_000040
2026-01-02 17:00:00,65.62970825594088,78.89790421587823,cust_000041
2026-01-02 18:00:00,19.10330461855463,74.83059156108047,cust_000042
2026-01-02 19:00:00,57.48097126860673,86.82261576285782,cust_000043
2026-01-02 20:00:00,48.73223549876928,87.3279513591744,cust_000044
2026-01-02 21:00:00,34.377958052101114,56.511820550653894,cust_000045
2026-01-02 22:00:00,44.85170557986986,51.829932695544514,cust_000046
2026-01-02 23:00:00,68.58294660227092,67.0025541169767,cust_000047
2026-01-03 00:00:00,33.20111544832952,78.33291101378197,cust_000048
2026-01-03 01:00:00,71.81495005399006,34.23496171686476,cust_000049
2026-01-03 02:00:00,49.26038094138525,44.49872711124717,cust_000050
2026-01-03 03:00:00,42.57694591733685,20.966123395747132,cust_000051
2026-01-03 04:00:00,50.17301956157139,68.41074933159248,cust_000052
2026-01-03 05:00:00,47.34457775783795,93.42892656764448,cust_000053
2026-01-03 06:00:00,42.04928324492237,43.468822969659385,cust_000054
2026-01-03 07:00:00,39.49650747606541,52.05442273234083,cust_000055
2026-01-03 08:00:00,50.8542940767539,88.91576473019354,cust_000056
2026-01-03 09:00:00,66.9764409988401,36.12146960354629,cust_000057
2026-01-03 10:00:00,44.681546217652944,52.476467264193644,cust_000058
2026-01-03 11:00:00,44.80521972647701,48.467454999048734,cust_000059
2026-01-03 12:00:00,50.4214174328673,100.55596853667848,cust_000060
2026-01-03 13:00:00,38.173200688808286,63.83186609370235,cust_000061
2026-01-03 14:00:00,45.36297078521647,51.76696577724287,cust_000062
2026-01-03 15:00:00,71.7223797132181,59.71774205866045,cust_000063
2026-01-03 16:00:00,25.402134377274816,59.623821924938916,cust_000064
2026-01-03 17:00:00,48.162480176402575,64.60901285429998,cust_000065
2026-01-03 18:00:00,53.599286121538455,80.71302396028156,cust_000066
2026-01-03 19:00:00,47.3100866626775,77.75229793203577,cust_000067
2026-01-03 20:00:00,64.48636333872112,41.55883137843648,cust_000068
2026-01-03 21:00:00,27.97301483385663,54.18508456562403,cust_000069
2026-01-03 22:00:00,47.57423908150285,90.0194540663017,cust_000070
2026-01-03 23:00:00,49.37553112438757,80.03638847742054,cust_000071
2026-01-04 00:00:00,49.88011329144982,56.12643905038206,cust_000072
2026-01-04 01:00:00,54.2927820984443,77.06344426757651,cust_000073
2026-01-04 02:00:00,57.744599442084585,59.48624644747788,cust_000074
2026-01-04 03:00:00,42.37013693236486,56.56836945692697,cust_000075
2026-01-04 04:00:00,54.66982698337601,46.27971210481142,cust_000076
2026-01-04 05:00:00,58.47362193519874,66.91560323587039,cust_000077
2026-01-04 06:00:00,30.493011887442268,100.25322432736805,cust_000078
2026-01-04 07:00:00,76.36858779010464,82.65009223939597,cust_000079
2026-01-04 08:00:00,50.453222863466905,58.512739012514245,cust_000080
2026-01-04 09:00:00,53.53276342812019,104.94435870586929,cust_000081
2026-01-04 10:00:00,16.363013654877513,63.688599548546335,cust_000082
2026-01-04 11:00:00,49.735135914974386,56.854080326944626,cust_000083
2026-01-04 12:00:00,63.56099069675017,63.18001593237929,cust_000084
2026-01-04 13:00:00,46.8486369955054,55.40658481958493,cust_000085
2026-01-04 14:00:00,30.52948628522128,75.89528584417798,cust_000086
2026-01-04 15:00:00,32.603184731033835,30.958951343688355,cust_000087
2026-01-04 16:00:00,43.828498505360535,54.0808547610621,cust_000088
2026-01-04 17:00:00,56.95289829151877,53.81155939214483,cust_000089
2026-01-04 18:00:00,77.2752415627063,59.58521110308074,cust_000090
2026-01-04 19:00:00,35.05272777681344,67.71320712750482,cust_000091
2026-01-04 20:00:00,39.331070704137524,55.64346627372943,cust_000092
2026-01-04 21:00:00,30.58412611053923,44.45661143980148,cust_000093
2026-01-04 22:00:00,46.23657159976767,14.229119167758498,cust_000094
2026-01-04 23:00:00,62.93820424126007,43.917648648684626,cust_000095
2026-01-05 00:00:00,56.37824557826634,52.799383185227605,cust_000096
2026-01-05 01:00:00,37.67550716685409,75.97703483273749,cust_000097
2026-01-05 02:00:00,44.5552240669389,26.15268631686878,cust_000098
2026-01-05 03:00:00,64.60275769820917,69.12639400661212,cust_000099
2026-01-05 04:00:00,70.04165705432472,51.0600674136752,cust_000100
2026-01-05 05:00:00,29.605836221851504,65.63187799342037,cust_000101
2026-01-05 06:00:00,53.8595040273141,66.21663839370893,cust_000102
2026-01-05 07:00:00,46.42119793652484,69.02744843582232,cust_000103
2026-01-05 08:00:00,57.27977785069266,90.56607370988088,cust_000104
2026-01-05 09:00:00,53.5912914758546,77.33278895533662,cust_000105
2026-01-05 10:00:00,36.35715796212514,48.91348012084702,cust_000106
2026-01-05 11:00:00,70.26111038784117,75.48648662796698,cust_000107
2026-01-05 12:00:00,60.357500709465995,47.02371083289097,cust_000108
2026-01-05 13:00:00,43.55119603829376,55.15832018492349,cust_000109
2026-01-05 14:00:00,75.98557042395613,62.70166310130102,cust_000110
2026-01-05 15:00:00,39.076761907217666,82.97187191039899,cust_000111
2026-01-05 16:00:00,50.55579027981043,94.05280150450427,cust_000112
2026-01-05 17:00:00,27.17117666417238,71.71210711718749,cust_000113
2026-01-05 18:00:00,46.68237960432851,39.5682836513437,cust_000114
2026-01-05 19:00:00,52.765009250307855,94.45981236791789,cust_000115
2026-01-05 20:00:00,29.919969557131378,83.58225751694289,cust_000116
2026-01-05 21:00:00,29.892408687692747,65.55960514011778,cust_000117
2026-01-05 22:00:00,41.95588456754914,43.15042381562722,cust_000118
2026-01-05 23:00:00,50.34713099084943,48.56546834204455,cust_000119
2026-01-06 00:00:00,41.40746119093055,65.47118658528238,cust_000120
2026-01-06 01:00:00,58.61124549165669,34.08375502672121,cust_000121
2026-01-06 02:00:00,81.40994697442304,61.848104865493156,cust_000122
2026-01-06 03:00:00,29.164793121189703,45.08914525587831,cust_000123
2026-01-06 04:00:00,75.84508448940274,59.983297947214055,cust_000124
2026-01-06 05:00:00,26.176780584698616,51.334970770044706,cust_000125
2026-01-06 06:00:00,51.26758006828297,67.64958292306991,cust_000126
2026-01-06 07:00:00,49.47302922844423,65.176776528766,cust_000127
2026-01-06 08:00:00,51.797069752832385,56.77205883068805,cust_000128
2026-01-06 09:00:00,64.51665272184238,64.01772756008663,cust_000129
2026-01-06 10:00:00,26.571319499032587,47.54578163163799,cust_000130
2026-01-06 11:00:00,74.03443403390467,46.41553876612809,cust_000131
2026-01-06 12:00:00,35.77781898658452,72.03206445940188,cust_000132
2026-01-06 13:00:00,62.287995130562365,39.15353085466569,cust_000133
2026-01-06 14:00:00,43.61237891489936,104.75736808995696,cust_000134
2026-01-06 15:00:00,61.38772960812986,36.28118862741216,cust_000135
2026-01-06 16:00:00,29.131950604779075,75.53760897378095,cust_000136
2026-01-06 17:00:00,86.39732002146673,70.77046684850917,cust_000137
2026-01-06 18:00:00,51.974609879465774,72.47424195643721,cust_000138
2026-01-06 19:00:00,47.053154184040025,56.05863859766303,cust_000139
2026-01-06 20:00:00,70.24604991888725,77.10954140879333,cust_000140
2026-01-06 21:00:00,69.23954505269202,61.04039945014102,cust_000141
2026-01-06 22:00:00,25.50516760755756,59.26556723631922,cust_000142
2026-01-06 23:00:00,60.555440247554245,73.38921118163333,cust_000143
2026-01-07 00:00:00,35.19308798529825,80.76028872448038,cust_000144
2026-01-07 01:00:00,56.403927816616076,61.365775066970386,cust_000145
2026-01-07 02:00:00,51.5762770038462,81.75206428290437,cust_000146
2026-01-07 03:00:00,67.5773823535235,53.60757681553433,cust_000147
2026-01-07 04:00:00,26.125801879268455,75.69625145156863,cust_000148
2026-01-07 05:00:00,53.68448712088964,73.50405363075751,cust_000149
2026-01-07 06:00:00,53.93531690199827,54.021637485995655,cust_000150
2026-01-07 07:00:00,68.19836750698087,42.631981714672634,cust_000151
2026-01-07 08:00:00,62.523094221328066,43.51017830226062,cust_000152
2026-01-07 09:00:00,51.99044344661209,63.439833135640185,cust_000153
2026-01-07 10:00:00,51.95139055527928,132.71469219028623,cust_000154
2026-01-07 11:00:00,50.67137515658391,105.3730354053207,cust_000155
2026-01-07 12:00:00,34.97016653495905,42.63751305669886,cust_000156
2026-01-07 13:00:00,56.15184319760517,99.66607209779339,cust_000157
2026-01-07 14:00:00,37.256488709215176,63.41206439555392,cust_000158
2026-01-07 15:00:00,45.20098068509887,46.26629070538513,cust_000159
2026-01-07 16:00:00,13.999349559020906,61.82290803482788,cust_000160
2026-01-07 17:00:00,46.819840721522944,46.750774690455906,cust_000161
2026-01-07 18:00:00,44.411691240459724,106.03469416679924,cust_000162
2026-01-07 19:00:00,50.81825217109655,37.08962017207912,cust_000163
2026-01-07 20:00:00,32.41047304078276,86.53155114996709,cust_000164
2026-01-07 21:00:00,55.40568869210509,84.12310374402912,cust_000165
2026-01-07 22:00:00,57.66963253563303,90.3600411305424,cust_000166
2026-01-07 23:00:00,48.71254606738415,52.91181632553527,cust_000167
2026-01-08 00:00:00,68.22163990554886,91.13040340065035,cust_000168
2026-01-08 01:00:00,48.333332773813744,44.201050824590226,cust_000169
2026-01-08 02:00:00,42.09914617452171,46.630648933826976,cust_000170
2026-01-08 03:00:00,60.2356915893447,60.82242301610111,cust_000171
2026-01-08 04:00:00,40.33639756628882,78.11996103627459,cust_000172
2026-01-08 05:00:00,46.08833179266341,82.33099124754108,cust_000173
2026-01-08 06:00:00,51.545310650683064,38.264180979608085,cust_000174
2026-01-08 07:00:00,70.59737773216948,45.46821716553311,cust_000175
2026-01-08 08:00:00,74.64550307042953,66.14752759525265,cust_000176
2026-01-08 09:00:00,41.67034189906517,55.19898596628266,cust_000177
2026-01-08 10:00:00,50.96737631007643,80.98620979414983,cust_000178
2026-01-08 11:00:00,42.89176073992681,28.793738704330657,cust_000179
2026-01-08 12:00:00,62.01978126336327,53.035156010123735,cust_000180
2026-01-08 13:00:00,42.76971135080529,59.93216837875719,cust_000181
2026-01-08 14:00:00,16.38066779619725,62.35949309451931,cust_000182
2026-01-08 15:00:00,57.69287435637278,68.18974649376348,cust_000183
2026-01-08 16:00:00,47.401295628954585,34.994308141942355,cust_000184
2026-01-08 17:00:00,24.96234524206819,89.04951491512759,cust_000185
2026-01-08 18:00:00,58.96408995931771,80.67298480693361,cust_000186
2026-01-08 19:00:00,62.450983252823654,40.51304932908988,cust_000187
2026-01-08 20:00:00,40.18741698637063,35.14854440644372,cust_000188
2026-01-08 21:00:00,32.93956775979185,84.89713019175029,cust_000189
2026-01-08 22:00:00,59.2418742263165,73.44093040008914,cust_000190
2026-01-08 23:00:00,61.968429676928466,61.61540561090279,cust_000191
2026-01-09 00:00:00,33.45994644535487,63.61253053822066,cust_000192
2026-01-09 01:00:00,67.94391690076104,58.61595338011373,cust_000193
2026-01-09 02:00:00,35.966100872034204,77.8286934342164,cust_000194
2026-01-09 03:00:00,48.812607232659005,74.63799921481721,cust_000195
2026-01-09 04:00:00,40.816712757262344,74.96686916142654,cust_000196
2026-01-09 05:00:00,21.387138025429593,98.08123168922464,cust_000197
2026-01-09 06:00:00,32.40600867465126,105.61307385777084,cust_000198
2026-01-09 07:00:00,40.26467786541783,90.17845298616076,cust_000199
2026-01-09 08:00:00,35.784429377280915,93.98726777605876,cust_000200
2026-01-09 09:00:00,41.045604531552335,64.85062805136369,cust_000201
2026-01-09 10:00:00,53.34753130490049,90.26395162413542,cust_000202
2026-01-09 11:00:00,42.04223850616526,43.48517807094063,cust_000203
2026-01-09 12:00:00,53.07721508067593,58.79700267258094,cust_000204
2026-01-09 13:00:00,63.074695221891815,63.22335843268674,cust_000205
2026-01-09 14:00:00,51.925914595477224,51.703270004784635,cust_000206
2026-01-09 15:00:00,63.00980743449585,72.6030401193597,cust_000207
2026-01-09 16:00:00,57.950908499074984,80.23510306501214,cust_000208
2026-01-09 17:00:00,53.124458677303174,91.22794971492732,cust_000209
2026-01-09 18:00:00,40.5242106008363,52.18412619122326,cust_000210
2026-01-09 19:00:00,83.03581952052045,42.034729216856235,cust_000211
2026-01-09 20:00:00,59.4414820142766,65.83869569103014,cust_000212
2026-01-09 21:00:00,39.6554500751244,42.69985614030339,cust_000213
2026-01-09 22:00:00,67.0413998402613,87.22076410759396,cust_000214
2026-01-09 23:00:00,31.199528119246985,42.79356667723262,cust_000215
2026-01-10 00:00:00,36.72516876852577,68.12496358647826,cust_000216
2026-01-10 01:00:00,61.16897519983397,97.06352071509653,cust_000217
2026-01-10 02:00:00,59.279753545623805,36.648294730292434,cust_000218
2026-01-10 03:00:00,88.10839405695668,71.29607760630044,cust_000219
2026-01-10 04:00:00,68.55309856632788,59.2469211900676,cust_000220
2026-01-10 05:00:00,85.6509867988374,76.27057759208085,cust_000221
2026-01-10 06:00:00,68.49889434907314,78.07329939659569,cust_000222
2026-01-10 07:00:00,63.778988336911844,85.68800513703856,cust_000223
2026-01-10 08:00:00,46.19157756311084,70.64359649862772,cust_000224
2026-01-10 09:00:00,49.8570913303357,54.89037053107642,cust_000225
2026-01-10 10:00:00,57.171120854582874,78.4186738368677,cust_000226
2026-01-10 11:00:00,74.62463893066982,46.38147179136077,cust_000227
2026-01-10 12:00:00,57.759487611496006,71.06681461804276,cust_000228
2026-01-10 13:00:00,28.949050850723175,50.646376668210095,cust_000229
2026-01-10 14:00:00,39.82216404320997,57.3116656344934,cust_000230
2026-01-10 15:00:00,51.138795245674295,54.95299970972917,cust_000231
2026-01-10 16:00:00,33.37321745843542,102.00973501501946,cust_000232
2026-01-10 17:00:00,40.54423441067002,71.09640128205227,cust_000233
2026-01-10 18:00:00,32.04245235558032,78.41777229552335,cust_000234
2026-01-10 19:00:00,42.449486724645965,34.46495067374487,cust_000235
2026-01-10 20:00:00,45.81715578956653,42.127109804101536,cust_000236
2026-01-10 21:00:00,30.233744800014087,108.858843945132,cust_000237
2026-01-10 22:00:00,53.34533216609298,66.19236354857718,cust_000238
2026-01-10 23:00:00,70.07322861211628,83.60226256280585,cust_000239
2026-01-11 00:00:00,43.43125904500854,41.735451130308405,cust_000240
2026-01-11 01:00:00,44.82617449767679,81.74655134644641,cust_000241
2026-01-11 02:00:00,55.58678798501807,68.60974442524885,cust_000242
2026-01-11 03:00:00,31.640842299949565,76.20864382289427,cust_000243
2026-01-11 04:00:00,65.8968953597336,67.36488784986963,cust_000244
2026-01-11 05:00:00,50.55335881724802,64.45900802889612,cust_000245
2026-01-11 06:00:00,46.13977995305893,78.27911881473675,cust_000246
2026-01-11 07:00:00,28.23952679697961,50.85915364288819,cust_000247
2026-01-11 08:00:00,44.950735997655144,57.23191767650335,cust_000248
2026-01-11 09:00:00,55.17927314782818,40.71591015416338,cust_000249
2026-01-11 10:00:00,34.99845094264736,117.16151557143893,cust_000250
2026-01-11 11:00:00,58.9647129956592,55.640447535977366,cust_000251
2026-01-11 12:00:00,42.318301906276325,66.03145236836012,cust_000252
2026-01-11 13:00:00,37.461748060709965,90.41553792389914,cust_000253
2026-01-11 14:00:00,68.07478667704427,63.79613294311114,cust_000254
2026-01-11 15:00:00,92.29572289713158,101.1127348941478,cust_000255
2026-01-11 16:00:00,58.34145199611586,24.7169551671751,cust_000256
2026-01-11 17:00:00,45.69865282909765,41.95774581437174,cust_000257
2026-01-11 18:00:00,51.90989592714204,61.25869855925498,cust_000258
2026-01-11 19:00:00,38.67351797906243,89.69285193658558,cust_000259
2026-01-11 20:00:00,40.09772785124119,71.09489240968227,cust_000260
2026-01-11 21:00:00,32.811617574227014,98.92595781924106,cust_000261
2026-01-11 22:00:00,45.08226118515778,61.56398855630983,cust_000262
2026-01-11 23:00:00,26.29334018532133,66.06282700810767,cust_000263
2026-01-12 00:00:00,57.77453210840205,117.56304149733704,cust_000264
2026-01-12 01:00:00,52.533765791696034,72.93415902034579,cust_000265
2026-01-12 02:00:00,59.67464684496311,45.90374309859242,cust_000266
2026-01-12 03:00:00,68.09652848411972,72.76046246372525,cust_000267
2026-01-12 04:00:00,58.40680439863797,52.470546582366794,cust_000268
2026-01-12 05:00:00,83.89396104240203,86.33450169865651,cust_000269
2026-01-12 06:00:00,42.30279829130279,73.77169357430071,cust_000270
2026-01-12 07:00:00,71.00073914539787,72.04223732399879,cust_000271
2026-01-12 08:00:00,47.874493413718085,78.30507882660802,cust_000272
2026-01-12 09:00:00,64.01591795294706,67.44635093605244,cust_000273
2026-01-12 10:00:00,62.437301050810426,56.6364889015136,cust_000274
2026-01-12 11:00:00,37.11314681422962,41.477195184498555,cust_000275
2026-01-12 12:00:00,34.506918158076225,64.99701658232344,cust_000276
2026-01-12 13:00:00,37.84463485146985,31.243787708604962,cust_000277
2026-01-12 14:00:00,21.283455094875954,106.92587834585902,cust_000278
2026-01-12 15:00:00,52.77181910293804,60.73875250108181,cust_000279
2026-01-12 16:00:00,29.466970218432028,49.8975823139606,cust_000280
2026-01-12 17:00:00,32.21243319287298,58.75779746129825,cust_000281
2026-01-12 18:00:00,56.220390399932334,40.56138870157474,cust_000282
2026-01-12 19:00:00,37.410132803877616,57.72195856348778,cust_000283
2026-01-12 20:00:00,72.26171337397581,59.99871727850971,cust_000284
2026-01-12 21:00:00,46.67151750340682,83.92996511420047,cust_000285
2026-01-12 22:00:00,39.64078794372166,64.70525511847855,cust_000286
2026-01-12 23:00:00,39.5197830375746,52.478260132512716,cust_000287
2026-01-13 00:00:00,53.69147119391009,56.24363848236834,cust_000288
2026-01-13 01:00:00,51.00781655020981,44.122661837218885,cust_000289
2026-01-13 02:00:00,41.81330494764403,54.77248797758074,cust_000290
2026-01-13 03:00:00,44.234009883388225,71.52729411139994,cust_000291
2026-01-13 04:00:00,35.04459013331999,61.577064332815894,cust_000292
2026-01-13 05:00:00,44.72405643373005,74.69479961936759,cust_000293
2026-01-13 06:00:00,49.99128054817716,84.90046857352831,cust_000294
2026-01-13 07:00:00,65.04831255053935,72.0709078766,cust_000295
2026-01-13 08:00:00,63.72063198517755,75.98818150917124,cust_000296
2026-01-13 09:00:00,48.00091508346232,52.58671911702794,cust_000297
2026-01-13 10:00:00,35.423298093825366,53.96255017597459,cust_000298
2026-01-13 11:00:00,45.47275821434207,76.66953793877258,cust_000299
2026-01-13 12:00:00,65.83151812324252,60.81021600946613,cust_000300
2026-01-13 13:00:00,71.57907432651064,74.63566386408823,cust_000301
2026-01-13 14:00:00,37.72777242761405,63.13502731485017,cust_000302
2026-01-13 15:00:00,71.71196462400079,82.23205502357472,cust_000303
2026-01-13 16:00:00,58.57260165295017,72.25373569215807,cust_000304
2026-01-13 17:00:00,48.54152250708944,69.21518049743668,cust_000305
2026-01-13 18:00:00,38.574567102485666,85.0968920915627,cust_000306
2026-01-13 19:00:00,46.23803740298297,64.29236193407368,cust_000307
2026-01-13 20:00:00,67.45213485353976,80.46521449786975,cust_000308
2026-01-13 21:00:00,33.7512732672286,71.1055061834697,cust_000309
2026-01-13 22:00:00,75.63791386814653,54.94912989043765,cust_000310
2026-01-13 23:00:00,42.89071309729408,45.32185501730872,cust_000311
2026-01-14 00:00:00,58.842364087128395,60.755437007928656,cust_000312
2026-01-14 01:00:00,39.25992567447064,47.167610375040475,cust_000313
2026-01-14 02:00:00,37.43463207173208,64.0197668009795,cust_000314
2026-01-14 03:00:00,32.72092549699643,61.03859719325456,cust_000315
2026-01-14 04:00:00,71.30210105409282,49.95075016976792,cust_000316
2026-01-14 05:00:00,65.17558844154254,46.18460637421371,cust_000317
2026-01-14 06:00:00,54.86675390590338,32.42247460410135,cust_000318
2026-01-14 07:00:00,55.920340025741,57.933389245554466,cust_000319
2026-01-14 08:00:00,32.082153968518725,62.65184213565574,cust_000320
2026-01-14 09:00:00,68.71436179822231,50.28842508045738,cust_000321
2026-01-14 10:00:00,9.082343841715904,49.905501010605214,cust_000322
2026-01-14 11:00:00,35.5250968297805,67.84283422221735,cust_000323
2026-01-14 12:00:00,59.341552798784505,69.59588425190061,cust_000324
2026-01-14 13:00:00,51.798205759356534,75.69960926432769,cust_000325
2026-01-14 14:00:00,51.33407726256727,78.52766772033289,cust_000326
2026-01-14 15:00:00,50.78304131116512,43.53923221632017,cust_000327
2026-01-14 16:00:00,25.119681382484682,54.1062324296032,cust_000328
2026-01-14 17:00:00,49.010223054905985,79.4196191350851,cust_000329
2026-01-14 18:00:00,74.33869666121572,30.42858950057257,cust_000330
2026-01-14 19:00:00,20.898190108113404,78.58295036562379,cust_000331
2026-01-14 20:00:00,49.0857274519307,36.38906590430683,cust_000332
2026-01-14 21:00:00,65.77060456032515,66.91226118771957,cust_000333
2026-01-14 22:00:00,52.20571046865702,69.83422028315306,cust_000334
2026-01-14 23:00:00,67.32457925700615,41.25956259159115,cust_000335
2026-01-15 00:00:00,71.94626522027377,20.206211977346328,cust_000336
2026-01-15 01:00:00,40.43894029914204,73.08609188011258,cust_000337
2026-01-15 02:00:00,67.9012239629838,51.70477338568053,cust_000338
2026-01-15 03:00:00,30.748056081371303,42.47455217378003,cust_000339
2026-01-15 04:00:00,58.11254283454675,84.18246767511512,cust_000340
2026-01-15 05:00:00,27.76971989541854,36.89909175833293,cust_000341
2026-01-15 06:00:00,80.79564204426568,75.91067682447527,cust_000342
2026-01-15 07:00:00,34.736107356654145,47.841525141373026,cust_000343
2026-01-15 08:00:00,43.17934644053789,57.966649229306235,cust_000344
2026-01-15 09:00:00,74.67576378287575,72.37427243015284,cust_000345
2026-01-15 10:00:00,53.15994168541871,71.91935306862338,cust_000346
2026-01-15 11:00:00,51.870156410673324,62.28114470993791,cust_000347
2026-01-15 12:00:00,86.53567914632211,70.07286924220962,cust_000348
2026-01-15 13:00:00,66.30684985826748,75.38367595963618,cust_000349
2026-01-15 14:00:00,50.707478644836435,73.82724062500455,cust_000350
2026-01-15 15:00:00,39.19564689498761,77.15959908741728,cust_000351
2026-01-15 16:00:00,47.57286396848036,62.39559035463003,cust_000352
2026-01-15 17:00:00,38.14498397789788,62.496297221298065,cust_000353
2026-01-15 18:00:00,57.804885911479595,74.8520743318482,cust_000354
2026-01-15 19:00:00,48.067266793824004,76.47646486788997,cust_000355
2026-01-15 20:00:00,49.724057358429704,45.76423126531309,cust_000356
2026-01-15 21:00:00,39.299620399958,68.00280138047269,cust_000357
2026-01-15 22:00:00,84.89043598005205,26.711623125407442,cust_000358
2026-01-15 23:00:00,47.41702184164878,48.24811294967125,cust_000359
2026-01-16 00:00:00,57.98120590980059,27.413746523226436,cust_000360
2026-01-16 01:00:00,56.250111628321555,70.92696936154067,cust_000361
2026-01-16 02:00:00,39.11306995569826,59.77180877780778,cust_000362
2026-01-16 03:00:00,50.33401691445907,28.851076510569428,cust_000363
2026-01-16 04:00:00,29.137701895880582,114.24111571441718,cust_000364
2026-01-16 05:00:00,45.531964938847004,62.040592436313545,cust_000365
2026-01-16 06:00:00,67.08405980035607,32.68680053464211,cust_000366
2026-01-16 07:00:00,50.602589471764695,87.25198489364458,cust_000367
2026-01-16 08:00:00,68.81278195643017,51.43882020567656,cust_000368
2026-01-16 09:00:00,38.85092529042438,86.03073532837789,cust_000369
2026-01-16 10:00:00,40.91002176456262,97.64749044065425,cust_000370
2026-01-16 11:00:00,52.75014121813574,67.12499956712132,cust_000371
2026-01-16 12:00:00,45.457771112432894,41.83955323858207,cust_000372
2026-01-16 13:00:00,54.048329756308526,53.64218942241075,cust_000373
2026-01-16 14:00:00,42.68845764787771,59.154657376889716,cust_000374
2026-01-16 15:00:00,59.56386740303421,54.76537075765965,cust_000375
2026-01-16 16:00:00,42.96174936587153,48.723010850456674,cust_000376
2026-01-16 17:00:00,41.43279239203958,39.58506601888326,cust_000377
2026-01-16 18:00:00,53.82914510449207,61.713618871329174,cust_000378
2026-01-16 19:00:00,25.143741441421298,54.440737791477204,cust_000379
2026-01-16 20:00:00,43.12913736516383,64.86877759965708,cust_000380
2026-01-16 21:00:00,61.32478695597747,84.72975649791739,cust_000381
2026-01-16 22:00:00,58.753071997546044,66.96940784061836,cust_000382
2026-01-16 23:00:00,62.4213524521342,65.67084914011872,cust_000383
2026-01-17 00:00:00,32.00210234296563,64.9193668812238,cust_000384
2026-01-17 01:00:00,61.77647380957649,68.01660512111205,cust_000385
2026-01-17 02:00:00,42.85682875824213,64.62829602142243,cust_000386
2026-01-17 03:00:00,43.60341890829672,83.2238403194067,cust_000387
2026-01-17 04:00:00,79.25970880197362,38.78121160153591,cust_000388
2026-01-17 05:00:00,69.46765237917481,30.202854982763625,cust_000389
2026-01-17 06:00:00,56.79646719636369,86.20792426126997,cust_000390
2026-01-17 07:00:00,48.091880676806134,104.56969996272201,cust_000391
2026-01-17 08:00:00,34.702276828329246,36.32796932337883,cust_000392
2026-01-17 09:00:00,57.016829943199234,41.674718671963404,cust_000393
2026-01-17 10:00:00,65.14345664312124,63.99843061837354,cust_000394
2026-01-17 11:00:00,17.758663188520025,87.62883110061323,cust_000395
2026-01-17 12:00:00,67.57442809081215,48.83606949830707,cust_000396
2026-01-17 13:00:00,63.61939133736194,53.130852308117476,cust_000397
2026-01-17 14:00:00,55.81329008357442,69.10602003875606,cust_000398
2026-01-17 15:00:00,20.819284056886897,63.93748929637239,cust_000399
2026-01-17 16:00:00,73.79721726361362,44.79630588014619,cust_000400
2026-01-17 17:00:00,44.2949004555182,74.40740649401718,cust_000401
2026-01-17 18:00:00,69.71054277233557,64.87557108569747,cust_000402
2026-01-17 19:00:00,35.117617859602014,81.02235769738415,cust_000403
2026-01-17 20:00:00,47.23312198079599,68.61623521257255,cust_000404
2026-01-17 21:00:00,56.32492924934153,46.59275862366311,cust_000405
2026-01-17 22:00:00,66.40311111580789,58.42701829753642,cust_000406
2026-01-17 23:00:00,59.06467192544762,48.839814375771006,cust_000407
2026-01-18 00:00:00,38.55742187870797,62.09149494203699,cust_000408
2026-01-18 01:00:00,60.29018493295166,26.749195606810666,cust_000409
2026-01-18 02:00:00,22.807594149971937,62.38845535343413,cust_000410
2026-01-18 03:00:00,64.26944622739377,19.546622278678313,cust_000411
2026-01-18 04:00:00,62.70604170317178,62.237818462574836,cust_000412
2026-01-18 05:00:00,72.10076501382794,90.39913209676551,cust_000413
2026-01-18 06:00:00,64.9569774005472,40.59283629433203,cust_000414
2026-01-18 07:00:00,54.01136246895641,49.69617110435969,cust_000415
2026-01-18 08:00:00,42.25413830797219,92.4051714174608,cust_000416
2026-01-18 09:00:00,40.93547061107333,65.83959228402702,cust_000417
2026-01-18 10:00:00,38.294642984569464,54.63974471664602,cust_000418
2026-01-18 11:00:00,58.653945450938046,60.06943867631894,cust_000419
2026-01-18 12:00:00,64.65038065527122,72.45726119870247,cust_000420
2026-01-18 13:00:00,51.471473162713934,30.623082357873372,cust_000421
2026-01-18 14:00:00,67.74037925394093,59.63399105498413,cust_000422
2026-01-18 15:00:00,57.78774775056017,34.82285964105212,cust_000423
2026-01-18 16:00:00,29.559387403141358,52.59334718872742,cust_000424
2026-01-18 17:00:00,43.15124250580189,55.35945197307042,cust_000425
2026-01-18 18:00:00,52.44014619518949,62.65372906133828,cust_000426
2026-01-18 19:00:00,42.02440778558355,71.83825023007269,cust_000427
2026-01-18 20:00:00,32.55259586053954,63.98021889236186,cust_000428
2026-01-18 21:00:00,23.617162724946187,54.945349251486455,cust_000429
2026-01-18 22:00:00,41.084383098880096,50.56539630207063,cust_000430
2026-01-18 23:00:00,55.454498271055215,52.87298210625036,cust_000431
2026-01-19 00:00:00,41.65799909292556,70.61603704582299,cust_000432
2026-01-19 01:00:00,64.7368691638766,43.17796661581046,cust_000433
2026-01-19 02:00:00,42.178847987371505,72.0377658321766,cust_000434
2026-01-19 03:00:00,46.4560722473349,50.99684914937018,cust_000435
2026-01-19 04:00:00,53.10937395515151,64.99693336214614,cust_000436
2026-01-19 05:00:00,30.426141796141483,64.55609890739599,cust_000437
2026-01-19 06:00:00,63.33670135817145,74.25822966193067,cust_000438
2026-01-19 07:00:00,74.14041660460649,59.893713324659586,cust_000439
2026-01-19 08:00:00,41.91836449388492,37.04034109794701,cust_000440
2026-01-19 09:00:00,80.88707663484925,48.38087008198252,cust_000441
2026-01-19 10:00:00,44.19075787767552,61.46553113031749,cust_000442
2026-01-19 11:00:00,58.80503863924661,34.68641877922418,cust_000443
2026-01-19 12:00:00,74.21474080809139,76.61994375705757,cust_000444
2026-01-19 13:00:00,44.65207273147797,76.26525094053001,cust_000445
2026-01-19 14:00:00,60.56911911788076,86.76717898105814,cust_000446
2026-01-19 15:00:00,50.727636114164454,71.57396577820504,cust_000447
2026-01-19 16:00:00,75.50898804035452,72.21704131104484,cust_000448
2026-01-19 17:00:00,48.188798422770155,53.76398045789436,cust_000449
2026-01-19 18:00:00,59.51547868394505,68.32875676100964,cust_000450
2026-01-19 19:00:00,34.25260317968937,82.27030620010953,cust_000451
2026-01-19 20:00:00,48.89714181618335,102.53146168731422,cust_000452
2026-01-19 21:00:00,5.644452636638903,13.941172913470858,cust_000453
2026-01-19 22:00:00,69.66973705972154,55.48946510615833,cust_000454
2026-01-19 23:00:00,38.02126736081359,95.31537364621073,cust_000455
2026-01-20 00:00:00,75.04061057827784,68.58820981285636,cust_000456
2026-01-20 01:00:00,56.51504912889732,28.39680327844109,cust_000457
2026-01-20 02:00:00,65.9303154206888,109.09466990781036,cust_000458
2026-01-20 03:00:00,36.431190283814985,54.07969065528336,cust_000459
2026-01-20 04:00:00,58.70757607100073,62.884940452703695,cust_000460
2026-01-20 05:00:00,71.21568020017403,57.96666727748399,cust_000461
2026-01-20 06:00:00,54.871541289203265,61.10043831452109,cust_000462
2026-01-20 07:00:00,50.153515509664636,87.09172297177207,cust_000463
2026-01-20 08:00:00,49.30457173827319,56.34214908281743,cust_000464
2026-01-20 09:00:00,59.0766046914256,62.36520271548811,cust_000465
2026-01-20 10:00:00,42.53671223930615,51.072602844620825,cust_000466
2026-01-20 11:00:00,44.33121560531967,33.79696709604955,cust_000467
2026-01-20 12:00:00,50.85936481730411,92.98720148397997,cust_000468
2026-01-20 13:00:00,56.94819107549027,41.4549891223066,cust_000469
2026-01-20 14:00:00,50.763336654694406,73.55824221589708,cust_000470
2026-01-20 15:00:00,32.05694071045215,69.43869388898845,cust_000471
2026-01-20 16:00:00,37.953179781893134,69.34817953016695,cust_000472
2026-01-20 17:00:00,27.704265327507677,39.16179108660763,cust_000473
2026-01-20 18:00:00,75.8396778449694,68.73394698402845,cust_000474
2026-01-20 19:00:00,47.79329469260284,27.575722176428613,cust_000475
2026-01-20 20:00:00,47.79034783221921,62.45693744282943,cust_000476
2026-01-20 21:00:00,46.82917929647807,88.53376660503474,cust_000477
2026-01-20 22:00:00,53.04556729708609,37.823275699033516,cust_000478
2026-01-20 23:00:00,39.80903119561485,97.3802339693419,cust_000479
2026-01-21 00:00:00,53.79639970494625,86.19271693646918,cust_000480
2026-01-21 01:00:00,20.596217945899234,96.541600073037,cust_000481
2026-01-21 02:00:00,47.2570180823165,54.73275015895565,cust_000482
2026-01-21 03:00:00,46.091413595428975,87.4037468226593,cust_000483
2026-01-21 04:00:00,48.32641236952612,66.61017792407753,cust_000484
2026-01-21 05:00:00,33.844225659424254,63.752012672297184,cust_000485
2026-01-21 06:00:00,48.976787651887506,65.08739643721667,cust_000486
2026-01-21 07:00:00,56.65697240020815,61.02870635569742,cust_000487
2026-01-21 08:00:00,32.45197574411597,81.0445495785859,cust_000488
2026-01-21 09:00:00,60.59859477617673,77.32418650690019,cust_000489
2026-01-21 10:00:00,45.49490608092989,93.6486003952414,cust_000490
2026-01-21 11:00:00,51.60616865246278,55.89357189868197,cust_000491
2026-01-21 12:00:00,44.494587972207846,71.89258396498873,cust_000492
2026-01-21 13:00:00,32.22468276052619,105.97693067272661,cust_000493
2026-01-21 14:00:00,77.71294803395821,77.33301275306518,cust_000494
2026-01-21 15:00:00,24.15307230909897,66.3201448222265,cust_000495
2026-01-21 16:00:00,45.47248201172392,45.32297138555727,cust_000496
2026-01-21 17:00:00,47.211844973910026,79.24007331942371,cust_000497
2026-01-21 18:00:00,26.177659337940813,27.19903567845683,cust_000498
2026-01-21 19:00:00,52.61823599627123,53.579327161785656,cust_000499
2026-01-21 20:00:00,50.86103857563206,1.3789863302180692,cust_000500
2026-01-21 21:00:00,79.66876981422598,37.89892900593261,cust_000501
2026-01-21 22:00:00,65.54488103087333,87.51401055379122,cust_000502
2026-01-21 23:00:00,34.100606019713254,18.108995703535946,cust_000503
2026-01-22 00:00:00,36.83863837174462,55.25606531613073,cust_000504
2026-01-22 01:00:00,39.29599714384733,78.67747440581762,cust_000505
2026-01-22 02:00:00,53.091594527807224,97.53106531098283,cust_000506
2026-01-22 03:00:00,50.25184966182589,113.13337148717189,cust_000507
2026-01-22 04:00:00,54.87677754885272,69.79266054389832,cust_000508
2026-01-22 05:00:00,41.68982816714353,71.88386230035998,cust_000509
2026-01-22 06:00:00,62.88528058018666,89.636374159081,cust_000510
2026-01-22 07:00:00,30.896295021130605,56.19651681693073,cust_000511
2026-01-22 08:00:00,52.22114006297792,64.28035298369642,cust_000512
2026-01-22 09:00:00,46.360161882851045,95.31384541212782,cust_000513
2026-01-22 10:00:00,36.02454368093487,64.9464597865111,cust_000514
2026-01-22 11:00:00,49.16947118936692,75.13845289094812,cust_000515
2026-01-22 12:00:00,84.43623967855315,62.9568234119944,cust_000516
2026-01-22 13:00:00,43.1692065258128,47.68995303195997,cust_000517
2026-01-22 14:00:00,86.22788986046638,109.75640044947272,cust_000518
2026-01-22 15:00:00,69.2180603149675,54.13889493582938,cust_000519
2026-01-22 16:00:00,42.16886656123339,38.906871859994716,cust_000520
2026-01-22 17:00:00,56.484409246712026,87.59626926362805,cust_000521
2026-01-22 18:00:00,41.21850435547194,61.28072264291527,cust_000522
2026-01-22 19:00:00,41.98790633275332,72.90162955254718,cust_000523
2026-01-22 20:00:00,21.777915012097363,51.108741283782756,cust_000524
2026-01-22 21:00:00,72.32621533121876,52.305721553314406,cust_000525
2026-01-22 22:00:00,35.81011747875863,113.76709213122282,cust_000526
2026-01-22 23:00:00,29.685368001989893,72.07008432795261,cust_000527
2026-01-23 00:00:00,39.14836846514562,58.172965777801146,cust_000528
2026-01-23 01:00:00,60.790245199883245,69.8275114525378,cust_000529
2026-01-23 02:00:00,28.30252467205299,62.732384438809504,cust_000530
2026-01-23 03:00:00,50.66602581798308,41.63542093355848,cust_000531
2026-01-23 04:00:00,26.2700503078818,81.37094157982354,cust_000532
2026-01-23 05:00:00,51.80435889641374,6.602256373354287,cust_000533
2026-01-23 06:00:00,54.331153757903294,76.74888508265204,cust_000534
2026-01-23 07:00:00,70.30007560866937,65.1144607813051,cust_000535
2026-01-23 08:00:00,67.35499114925402,54.300660036258215,cust_000536
2026-01-23 09:00:00,51.68094584342846,83.43807524672893,cust_000537
2026-01-23 10:00:00,59.656523180598064,43.294356363787884,cust_000538
2026-01-23 11:00:00,42.42256611445372,87.31372305009832,cust_000539
2026-01-23 12:00:00,54.6611811824482,44.404108828135854,cust_000540
2026-01-23 13:00:00,32.93690428839793,38.72524211266253,cust_000541
2026-01-23 14:00:00,49.46457277322368,63.70690679780776,cust_000542
2026-01-23 15:00:00,36.57015733468435,76.09047439891435,cust_000543
2026-01-23 16:00:00,63.8191781547115,85.3656092884006,cust_000544
2026-01-23 17:00:00,23.01782476525078,41.00259297443785,cust_000545
2026-01-23 18:00:00,48.341164778415326,73.9957800772296,cust_000546
2026-01-23 19:00:00,43.08794508007285,58.53419063936898,cust_000547
2026-01-23 20:00:00,28.27120149882342,57.06030559587322,cust_000548
2026-01-23 21:00:00,85.53092269794155,68.54333333989837,cust_000549
2026-01-23 22:00:00,51.889325809796354,49.408808821479575,cust_000550
2026-01-23 23:00:00,66.0012684194561,26.52621609569698,cust_000551
2026-01-24 00:00:00,53.72967075365888,46.14233366535644,cust_000552
2026-01-24 01:00:00,64.51047642991199,44.444220892613515,cust_000553
2026-01-24 02:00:00,40.29295247824757,73.09084006155923,cust_000554
2026-01-24 03:00:00,28.47605938077385,38.98899191403531,cust_000555
2026-01-24 04:00:00,36.22470920463444,43.185543102161375,cust_000556
2026-01-24 05:00:00,63.43090798599297,109.21966289561789,cust_000557
2026-01-24 06:00:00,54.98380631504743,75.59206954001793,cust_000558
2026-01-24 07:00:00,44.61282822895855,75.63943103817513,cust_000559
2026-01-24 08:00:00,66.94145309250096,114.6934467848753,cust_000560
2026-01-24 09:00:00,30.384112623263654,47.550452549583,cust_000561
2026-01-24 10:00:00,48.200328684877505,49.277146047964095,cust_000562
2026-01-24 11:00:00,68.08124758082202,49.07091169460416,cust_000563
2026-01-24 12:00:00,70.0423420640802,48.6813216446962,cust_000564
2026-01-24 13:00:00,24.156202860091053,83.11753096791594,cust_000565
2026-01-24 14:00:00,67.90663433859542,77.78420117276897,cust_000566
2026-01-24 15:00:00,54.26612750706013,73.25181838820482,cust_000567
2026-01-24 16:00:00,40.669645672418206,75.12795368403786,cust_000568
2026-01-24 17:00:00,42.6548505840818,86.9023986332565,cust_000569
2026-01-24 18:00:00,48.8891521432703,74.52451896534781,cust_000570
2026-01-24 19:00:00,51.15904261851815,42.127446781541664,cust_000571
2026-01-24 20:00:00,66.97280124129358,42.648833298449354,cust_000572
2026-01-24 21:00:00,66.95348325377483,82.10225367260915,cust_000573
2026-01-24 22:00:00,65.58750064405916,48.3182858213534,cust_000574
2026-01-24 23:00:00,47.149030814174935,59.381853256029416,cust_000575
2026-01-25 00:00:00,41.532355217697514,53.36725467390959,cust_000576
2026-01-25 01:00:00,36.61906807187492,96.94597584086617,cust_000577
2026-01-25 02:00:00,65.73201784104239,67.62341418212215,cust_000578
2026-01-25 03:00:00,63.74594979550316,59.89795907897211,cust_000579
2026-01-25 04:00:00,48.59762460447049,82.57343736622809,cust_000580
2026-01-25 05:00:00,56.90577484603587,47.01199937666815,cust_000581
2026-01-25 06:00:00,59.20378858740176,87.82365817217577,cust_000582
2026-01-25 07:00:00,45.1704807799272,71.55641591255954,cust_000583
2026-01-25 08:00:00,16.48497169536285,67.30634019485231,cust_000584
2026-01-25 09:00:00,43.357486485626694,45.71568815772358,cust_000585
2026-01-25 10:00:00,31.689615968694113,107.27453651325321,cust_000586
2026-01-25 11:00:00,55.24464716754434,55.18313925802218,cust_000587
2026-01-25 12:00:00,51.100505465651324,54.927137160122484,cust_000588
2026-01-25 13:00:00,58.91640225677322,75.22621056666841,cust_000589
2026-01-25 14:00:00,25.20384832831211,93.10019718612875,cust_000590
2026-01-25 15:00:00,47.69549148764497,40.926890285613716,cust_000591
2026-01-25 16:00:00,31.602107477505406,19.037895959908155,cust_000592
2026-01-25 17:00:00,37.03615781964915,117.81526572463889,cust_000593
2026-01-25 18:00:00,42.23229873002203,79.01325044005124,cust_000594
2026-01-25 19:00:00,59.109251905105666,93.13743957887337,cust_000595
2026-01-25 20:00:00,45.64157393342535,75.012155787387,cust_000596
2026-01-25 21:00:00,67.98636054769537,37.18756117525136,cust_000597
2026-01-25 22:00:00,61.17401115043069,68.50769062064286,cust_000598
2026-01-25 23:00:00,71.20631546994966,100.42128686472577,cust_000599
2026-01-26 00:00:00,56.45503574667332,75.67127302718558,cust_000600
2026-01-26 01:00:00,38.22401153616199,59.66134629672981,cust_000601
2026-01-26 02:00:00,79.30592412472006,67.14542376617156,cust_000602
2026-01-26 03:00:00,59.50643980226519,68.63794849193245,cust_000603
2026-01-26 04:00:00,50.99725261819592,65.3588279129075,cust_000604
2026-01-26 05:00:00,32.2607174351853,59.48508686844784,cust_000605
2026-01-26 06:00:00,63.36380018772263,38.21604482829283,cust_000606
2026-01-26 07:00:00,45.169901399092176,68.44191798629166,cust_000607
2026-01-26 08:00:00,55.21247314386898,63.084324044305035,cust_000608
2026-01-26 09:00:00,68.93193736992603,46.158450483004366,cust_000609
2026-01-26 10:00:00,48.973557568264525,90.91816697626584,cust_000610
2026-01-26 11:00:00,41.00238948165696,84.25542507145164,cust_000611
2026-01-26 12:00:00,59.40758879047286,73.72226181115408,cust_000612
2026-01-26 13:00:00,42.064082181032965,53.628946691381586,cust_000613
2026-01-26 14:00:00,28.65926561809443,76.34324805093134,cust_000614
2026-01-26 15:00:00,46.17214394842035,83.56026177640548,cust_000615
2026-01-26 16:00:00,31.183517066256044,68.2236237012859,cust_000616
2026-01-26 17:00:00,21.9941997278816,33.09269265608609,cust_000617
2026-01-26 18:00:00,37.34784452202402,73.39058093170578,cust_000618
2026-01-26 19:00:00,53.35594891797729,52.105523281898826,cust_000619
2026-01-26 20:00:00,53.56023664542697,56.695419403142026,cust_000620
2026-01-26 21:00:00,39.957658949835874,64.4701859744983,cust_000621
2026-01-26 22:00:00,31.519486908501463,65.61995668515614,cust_000622
2026-01-26 23:00:00,50.17572087154245,56.45611762557209,cust_000623
2026-01-27 00:00:00,46.63695540865258,87.5946792473245,cust_000624
2026-01-27 01:00:00,74.94504688024847,63.85916237473886,cust_000625
2026-01-27 02:00:00,51.21906684155452,97.43371547115174,cust_000626
2026-01-27 03:00:00,24.670112699078583,50.78208206943979,cust_000627
2026-01-27 04:00:00,44.840221283858014,31.17163132675121,cust_000628
2026-01-27 05:00:00,22.831711506613146,43.94106549619307,cust_000629
2026-01-27 06:00:00,59.05274021292549,110.12061565859486,cust_000630
2026-01-27 07:00:00,30.369794445145683,77.38817245448269,cust_000631
2026-01-27 08:00:00,75.28005066907374,56.756333345133896,cust_000632
2026-01-27 09:00:00,43.54563739328956,19.173821334505305,cust_000633
2026-01-27 10:00:00,81.92806922848482,17.622560385076376,cust_000634
2026-01-27 11:00:00,27.734157492370358,67.76340803602213,cust_000635
2026-01-27 12:00:00,55.3132404721705,84.92094146998949,cust_000636
2026-01-27 13:00:00,72.01005678441476,78.62026868963159,cust_000637
2026-01-27 14:00:00,39.324657815010916,69.02606414964521,cust_000638
2026-01-27 15:00:00,7.188156372047914,53.094640902741816,cust_000639
2026-01-27 16:00:00,32.67745856009644,62.897014484159996,cust_000640
2026-01-27 17:00:00,54.427640171428315,52.420989913451194,cust_000641
2026-01-27 18:00:00,26.53828992420611,80.13967596943019,cust_000642
2026-01-27 19:00:00,49.00287783141581,96.58710760865523,cust_000643
2026-01-27 20:00:00,48.77524902186122,57.81436303465658,cust_000644
2026-01-27 21:00:00,27.07331583915787,107.66768114686741,cust_000645
2026-01-27 22:00:00,36.839802603932014,55.39970846405728,cust_000646
2026-01-27 23:00:00,40.86124135180188,46.94637051331093,cust_000647
2026-01-28 00:00:00,71.06569324550895,94.40455802185849,cust_000648
2026-01-28 01:00:00,63.82188416752733,64.03363305311073,cust_000649
2026-01-28 02:00:00,52.052458048997664,39.4214691626775,cust_000650
2026-01-28 03:00:00,60.01624652477856,63.274935030290166,cust_000651
2026-01-28 04:00:00,25.072642780349305,78.05860809194911,cust_000652
2026-01-28 05:00:00,23.332470152322834,61.23322794507173,cust_000653
2026-01-28 06:00:00,37.32118206231293,105.3120855937095,cust_000654
2026-01-28 07:00:00,69.5464367646635,72.98957859574824,cust_000655
2026-01-28 08:00:00,60.608386011235794,78.24240419558804,cust_000656
2026-01-28 09:00:00,34.680555333752665,65.62765924211456,cust_000657
2026-01-28 10:00:00,73.88263422377445,70.66578692106194,cust_000658
2026-01-28 11:00:00,45.82905316714142,24.735954269837904,cust_000659
2026-01-28 12:00:00,48.491273081005126,85.70726793615742,cust_000660
2026-01-28 13:00:00,69.09379808747323,48.640062546840426,cust_000661
2026-01-28 14:00:00,40.46424088024425,61.703369605436386,cust_000662
2026-01-28 15:00:00,48.40126150478718,45.09520526582854,cust_000663
2026-01-28 16:00:00,28.90358445917246,74.51774710987345,cust_000664
2026-01-28 17:00:00,53.78077551588394,70.28071177435022,cust_000665
2026-01-28 18:00:00,47.55075712620039,97.13745668822294,cust_000666
2026-01-28 19:00:00,85.21726638198078,99.80994695280575,cust_000667
2026-01-28 20:00:00,57.610382211744025,63.180820971310226,cust_000668
2026-01-28 21:00:00,28.609175665957913,29.120589757688116,cust_000669
2026-01-28 22:00:00,24.19473302832603,85.99964210800623,cust_000670
2026-01-28 23:00:00,47.136028778356234,47.37201244459241,cust_000671
2026-01-29 00:00:00,43.65334124653111,77.72393636788718,cust_000672
2026-01-29 01:00:00,47.86921440084369,61.34077787540695,cust_000673
2026-01-29 02:00:00,55.21370550102138,100.80202605246194,cust_000674
2026-01-29 03:00:00,67.93435874336338,10.210087984130851,cust_000675
2026-01-29 04:00:00,57.92389589921036,33.09074416878696,cust_000676
2026-01-29 05:00:00,47.58052024726556,46.03431989666317,cust_000677
2026-01-29 06:00:00,45.02094389431959,62.71589082797088,cust_000678
2026-01-29 07:00:00,65.97665096752107,32.29684145721628,cust_000679
2026-01-29 08:00:00,53.96519040765279,61.45214009484739,cust_000680
2026-01-29 09:00:00,33.901669959503764,55.820140948689065,cust_000681
2026-01-29 10:00:00,52.619656563257145,69.35169473556475,cust_000682
2026-01-29 11:00:00,46.96803004398848,84.65726222813748,cust_000683
2026-01-29 12:00:00,55.93716510711166,54.232527949645245,cust_000684
2026-01-29 13:00:00,49.79934499717992,94.92698196622058,cust_000685
2026-01-29 14:00:00,65.94595586715822,55.59657109920002,cust_000686
2026-01-29 15:00:00,69.0770798772562,64.95426657259952,cust_000687
2026-01-29 16:00:00,58.71323763260233,52.857714268257205,cust_000688
2026-01-29 17:00:00,58.952252063380335,24.095949967063618,cust_000689
2026-01-29 18:00:00,43.74208230753141,77.34389175176283,cust_000690
2026-01-29 19:00:00,47.98754506422652,38.180042581550296,cust_000691
2026-01-29 20:00:00,68.9726213994391,75.50981955631264,cust_000692
2026-01-29 21:00:00,48.800334930115376,42.52279264716548,cust_000693
2026-01-29 22:00:00,50.690118503398985,64.34154080947167,cust_000694
2026-01-29 23:00:00,54.390029415117496,43.24480141605287,cust_000695
2026-01-30 00:00:00,36.449997947205226,40.41647694505743,cust_000696
2026-01-30 01:00:00,42.01742101018461,66.84474572586183,cust_000697
2026-01-30 02:00:00,31.693059766595642,67.69603149395866,cust_000698
2026-01-30 03:00:00,59.44227406861382,66.55028311976142,cust_000699
2026-01-30 04:00:00,53.55883047186084,82.01338851638937,cust_000700
2026-01-30 05:00:00,39.82170895555579,63.1731608087377,cust_000701
2026-01-30 06:00:00,14.9365449926117,74.71872677767698,cust_000702
2026-01-30 07:00:00,45.62268507064625,57.22091817332483,cust_000703
2026-01-30 08:00:00,50.955890279631866,42.39006405987219,cust_000704
2026-01-30 09:00:00,77.73304654731069,75.79115032749719,cust_000705
2026-01-30 10:00:00,46.31358232209606,80.36410913584844,cust_000706
2026-01-30 11:00:00,54.827400498513214,81.42642672939951,cust_000707
2026-01-30 12:00:00,47.55817743349454,79.16649691991388,cust_000708
2026-01-30 13:00:00,75.39570985197385,65.30799347369434,cust_000709
2026-01-30 14:00:00,44.412647253253176,52.318064235592914,cust_000710
2026-01-30 15:00:00,68.39496411986659,71.46219589041232,cust_000711
2026-01-30 16:00:00,52.61736426309212,62.03758641925148,cust_000712
2026-01-30 17:00:00,47.65383914067319,31.507269630130473,cust_000713
2026-01-30 18:00:00,70.75279399577778,78.96902897453867,cust_000714
2026-01-30 19:00:00,42.44530919257344,76.48193290511361,cust_000715
2026-01-30 20:00:00,68.2535874668477,36.193308105285055,cust_000716
2026-01-30 21:00:00,68.98450671758454,77.65303392942488,cust_000717
2026-01-30 22:00:00,41.13718253572031,46.79390837869089,cust_000718
2026-01-30 23:00:00,57.00409733911121,88.38920873676781,cust_000719
2026-01-31 00:00:00,48.74962643564616,72.02551759950295,cust_000720
2026-01-31 01:00:00,64.11207293282615,93.92754690979926,cust_000721
2026-01-31 02:00:00,62.81752614002535,83.82956067137346,cust_000722
2026-01-31 03:00:00,34.156077846745475,36.242999987637894,cust_000723
2026-01-31 04:00:00,44.42846218719649,87.47575246324317,cust_000724
2026-01-31 05:00:00,61.217460193193574,51.630965736399695,cust_000725
2026-01-31 06:00:00,25.507483826371338,46.17129465776355,cust_000726
2026-01-31 07:00:00,72.90382663985507,69.85471690165268,cust_000727
2026-01-31 08:00:00,53.79408229319475,62.51952782501882,cust_000728
2026-01-31 09:00:00,52.32089325460762,61.94459841267484,cust_000729
2026-01-31 10:00:00,70.3235637149943,63.10075117815744,cust_000730
2026-01-31 11:00:00,48.681194265938004,64.74756616566238,cust_000731
2026-01-31 12:00:00,46.594492400056325,60.56759109780795,cust_000732
2026-01-31 13:00:00,47.26107079731229,88.72465364696772,cust_000733
2026-01-31 14:00:00,37.35701789182254,75.13015728928384,cust_000734
2026-01-31 15:00:00,28.63823686427449,31.852909596202025,cust_000735
2026-01-31 16:00:00,56.54309542827711,25.420894900235602,cust_000736
2026-01-31 17:00:00,39.440635216369394,34.08865785357341,cust_000737
2026-01-31 18:00:00,68.39212418478769,66.49101843782923,cust_000738
2026-01-31 19:00:00,46.589010043167036,68.21534577464458,cust_000739
2026-01-31 20:00:00,59.10415863948254,58.882348711959025,cust_000740
2026-01-31 21:00:00,31.886171829115312,62.38154390687127,cust_000741
2026-01-31 22:00:00,62.47018540360183,60.25609735331475,cust_000742
2026-01-31 23:00:00,31.449695677642254,90.79540182085313,cust_000743
2026-02-01 00:00:00,47.25326244437067,79.53202359630349,cust_000744
2026-02-01 01:00:00,44.47506130861689,59.48731760747,cust_000745
2026-02-01 02:00:00,53.32344441179761,63.49186549866531,cust_000746
2026-02-01 03:00:00,65.51470738626747,84.76777421892807,cust_000747
2026-02-01 04:00:00,47.91546161245569,83.7677821662043,cust_000748
2026-02-01 05:00:00,66.68017892000395,77.17223869976016,cust_000749
2026-02-01 06:00:00,58.44592107170321,42.197679065217166,cust_000750
2026-02-01 07:00:00,43.63766231890029,46.998393567540575,cust_000751
2026-02-01 08:00:00,56.209706876662,55.46148848665638,cust_000752
2026-02-01 09:00:00,65.722040125226,59.21044089309741,cust_000753
2026-02-01 10:00:00,48.515934737143475,52.510712240823125,cust_000754
2026-02-01 11:00:00,51.78230444275362,62.79981903816314,cust_000755
2026-02-01 12:00:00,35.459794156309464,37.43272548296734,cust_000756
2026-02-01 13:00:00,56.979902946891556,57.12428542337474,cust_000757
2026-02-01 14:00:00,43.38016964054681,87.08457079382029,cust_000758
2026-02-01 15:00:00,49.13532431928297,80.06361443230196,cust_000759
2026-02-01 16:00:00,61.68742346031548,38.283811812119296,cust_000760
2026-02-01 17:00:00,49.474435337553196,58.1355804784612,cust_000761
2026-02-01 18:00:00,47.40579082169518,40.2545255506816,cust_000762
2026-02-01 19:00:00,45.55946268213964,67.71844844915081,cust_000763
2026-02-01 20:00:00,32.140044954495025,47.162632696491194,cust_000764
2026-02-01 21:00:00,43.200748628683456,44.11609677053865,cust_000765
2026-02-01 22:00:00,58.3132524698404,69.32340883103488,cust_000766
2026-02-01 23:00:00,44.469214038939455,75.16399020724164,cust_000767
2026-02-02 00:00:00,32.48743119790535,56.91016623033801,cust_000768
2026-02-02 01:00:00,66.48515137435753,60.87287794146259,cust_000769
2026-02-02 02:00:00,47.70452276851711,52.03605833721204,cust_000770
2026-02-02 03:00:00,62.329053746715275,37.476991235726366,cust_000771
2026-02-02 04:00:00,7.194981049873498,83.11573473308493,cust_000772
2026-02-02 05:00:00,50.69505935483529,60.08402263025531,cust_000773
2026-02-02 06:00:00,70.50348478491621,66.88762714408412,cust_000774
2026-02-02 07:00:00,53.186376102926204,21.514873287163702,cust_000775
2026-02-02 08:00:00,53.69578057801079,90.18647204518082,cust_000776
2026-02-02 09:00:00,50.012314386246736,98.54099565857243,cust_000777
2026-02-02 10:00:00,38.74941639294762,69.07670852808116,cust_000778
2026-02-02 11:00:00,72.02175664146007,104.25075267965576,cust_000779
2026-02-02 12:00:00,59.40447486922101,58.8388949523414,cust_000780
2026-02-02 13:00:00,41.25230004008929,96.03715881487145,cust_000781
2026-02-02 14:00:00,50.67661117410959,92.16259286859483,cust_000782
2026-02-02 15:00:00,63.93249620530421,79.85467827535972,cust_000783
2026-02-02 16:00:00,44.75620893523751,88.02808170552785,cust_000784
2026-02-02 17:00:00,44.74741260813029,64.46565304480676,cust_000785
2026-02-02 18:00:00,50.71360232390515,66.24473992403958,cust_000786
2026-02-02 19:00:00,41.66401756327835,56.56775149863802,cust_000787
2026-02-02 20:00:00,25.464605048209908,102.99720681498553,cust_000788
2026-02-02 21:00:00,56.637405611189294,63.799582579030606,cust_000789
2026-02-02 22:00:00,52.52174905739706,67.76743502485625,cust_000790
2026-02-02 23:00:00,33.415499669984435,54.798112159286305,cust_000791
2026-02-03 00:00:00,48.231584509971384,67.06882195639533,cust_000792
2026-02-03 01:00:00,46.302608518331525,54.8126777884929,cust_000793
2026-02-03 02:00:00,69.90590162943623,37.18755219740843,cust_000794
2026-02-03 03:00:00,45.03741950760198,38.942284710816054,cust_000795
2026-02-03 04:00:00,54.90465461826106,8.070361455796657,cust_000796
2026-02-03 05:00:00,64.56015422768859,64.73930271562547,cust_000797
2026-02-03 06:00:00,47.830301328283724,77.87266246821903,cust_000798
2026-02-03 07:00:00,41.235890522287676,58.01422830357528,cust_000799
2026-02-03 08:00:00,20.244200590448223,60.41378755420973,cust_000800
2026-02-03 09:00:00,61.96618194920736,98.47477607742465,cust_000801
2026-02-03 10:00:00,72.50084732604128,97.97992118135588,cust_000802
2026-02-03 11:00:00,67.76000939133066,47.52148691068829,cust_000803
2026-02-03 12:00:00,62.03340342743357,93.43781851791222,cust_000804
2026-02-03 13:00:00,27.037616697572222,43.08107350181673,cust_000805
2026-02-03 14:00:00,63.42389846345313,76.1979785923112,cust_000806
2026-02-03 15:00:00,47.89652260473769,47.238644814935284,cust_000807
2026-02-03 16:00:00,22.116257211633314,51.17044953687895,cust_000808
2026-02-03 17:00:00,31.023728958472418,76.40814061645673,cust_000809
2026-02-03 18:00:00,50.031950998001484,66.91912732747501,cust_000810
2026-02-03 19:00:00,55.32069887987726,66.84435637208755,cust_000811
2026-02-03 20:00:00,75.41793584414563,37.49914055075807,cust_000812
2026-02-03 21:00:00,45.97965488793544,79.67740067104181,cust_000813
2026-02-03 22:00:00,67.033972914317,52.25624692442601,cust_000814
2026-02-03 23:00:00,56.08581537140399,95.59481822004514,cust_000815
2026-02-04 00:00:00,69.70849434167306,100.16499447097203,cust_000816
2026-02-04 01:00:00,58.386209958497815,57.962561321788684,cust_000817
2026-02-04 02:00:00,43.206500150020744,83.24365176090686,cust_000818
2026-02-04 03:00:00,38.35716836148513,85.38923426765712,cust_000819
2026-02-04 04:00:00,57.15880927505304,46.286268683794695,cust_000820
2026-02-04 05:00:00,54.03877058887119,95.70820544563324,cust_000821
2026-02-04 06:00:00,39.43399989005182,60.46361888375912,cust_000822
2026-02-04 07:00:00,41.483546570706224,64.39984147415669,cust_000823
2026-02-04 08:00:00,70.67882013325163,39.74546700460302,cust_000824
2026-02-04 09:00:00,45.23841951690551,48.79840753705414,cust_000825
2026-02-04 10:00:00,52.33761080036697,44.7421423037837,cust_000826
2026-02-04 11:00:00,61.53828824645587,47.84481989044124,cust_000827
2026-02-04 12:00:00,33.73637472022503,70.53280766303882,cust_000828
2026-02-04 13:00:00,43.68702201648544,64.9983898496295,cust_000829
2026-02-04 14:00:00,58.96185975947485,93.47400730332173,cust_000830
2026-02-04 15:00:00,42.9978900552619,92.44227134567582,cust_000831
2026-02-04 16:00:00,52.29073332597666,69.88641040386102,cust_000832
2026-02-04 17:00:00,40.32793362218584,37.74097616884235,cust_000833
2026-02-04 18:00:00,54.185101806058064,39.356060624061485,cust_000834
2026-02-04 19:00:00,45.51105273941905,69.95589594015956,cust_000835
2026-02-04 20:00:00,59.86956178569574,68.141943769433,cust_000836
2026-02-04 21:00:00,39.31187871671483,42.81929921520913,cust_000837
2026-02-04 22:00:00,47.34157264430287,90.38784611360107,cust_000838
2026-02-04 23:00:00,57.40609864346429,53.01713346537621,cust_000839
2026-02-05 00:00:00,27.917774264489886,62.442157937651984,cust_000840
2026-02-05 01:00:00,65.21939280247157,43.56337603830764,cust_000841
2026-02-05 02:00:00,42.727099735032,40.53448264135806,cust_000842
2026-02-05 03:00:00,65.6317537639645,64.95649529376018,cust_000843
2026-02-05 04:00:00,18.626002192564275,119.85353077040926,cust_000844
2026-02-05 05:00:00,50.26294035246425,61.54238226183209,cust_000845
2026-02-05 06:00:00,60.23503453016249,52.968187129367585,cust_000846
2026-02-05 07:00:00,46.374377963879226,78.47101744232326,cust_000847
2026-02-05 08:00:00,57.44442445376048,25.444738460215476,cust_000848
2026-02-05 09:00:00,49.308580048848896,51.72083777610537,cust_000849
2026-02-05 10:00:00,37.396512101734196,61.86429106085646,cust_000850
2026-02-05 11:00:00,34.08952838287827,33.638491372834295,cust_000851
2026-02-05 12:00:00,40.04539403105631,77.74676801848129,cust_000852
2026-02-05 13:00:00,17.04450539293257,58.71360611427696,cust_000853
2026-02-05 14:00:00,51.45171750598182,40.94943932373563,cust_000854
2026-02-05 15:00:00,61.87688767596751,24.53547720665582,cust_000855
2026-02-05 16:00:00,61.40257034095068,67.76557557348356,cust_000856
2026-02-05 17:00:00,73.80367512560392,27.513532136983756,cust_000857
2026-02-05 18:00:00,48.276855407125566,87.3674239859408,cust_000858
2026-02-05 19:00:00,42.64418481136227,71.21481929788708,cust_000859
2026-02-05 20:00:00,45.52449714074832,62.555430311998116,cust_000860
2026-02-05 21:00:00,14.384183388919546,61.48334670798933,cust_000861
2026-02-05 22:00:00,48.591863719987145,87.38021584271203,cust_000862
2026-02-05 23:00:00,45.77564203031287,56.322592651606776,cust_000863
2026-02-06 00:00:00,19.84679812488579,30.39651151491897,cust_000864
2026-02-06 01:00:00,39.51608554205127,66.16057543549981,cust_000865
2026-02-06 02:00:00,38.56228667393951,72.0787653718601,cust_000866
2026-02-06 03:00:00,45.96093627235199,35.25928420189679,cust_000867
2026-02-06 04:00:00,40.96936708129812,57.28524343247544,cust_000868
2026-02-06 05:00:00,64.51107096110151,89.13411179401237,cust_000869
2026-02-06 06:00:00,43.36521389985406,46.41050259311958,cust_000870
2026-02-06 07:00:00,84.75079413100778,59.88248022739219,cust_000871
2026-02-06 08:00:00,45.79135477631088,56.79387602138051,cust_000872
2026-02-06 09:00:00,53.38378588161784,35.411228762131074,cust_000873
2026-02-06 10:00:00,35.50270835599244,38.7867347883677,cust_000874
2026-02-06 11:00:00,33.296509737684154,82.77378230062659,cust_000875
2026-02-06 12:00:00,63.94088539285628,107.48562813442132,cust_000876
2026-02-06 13:00:00,42.33048219451659,73.23587141837434,cust_000877
2026-02-06 14:00:00,34.434297374154475,50.824590040109925,cust_000878
2026-02-06 15:00:00,24.58366660930312,74.49145903708528,cust_000879
2026-02-06 16:00:00,35.18935919761096,86.59635347831308,cust_000880
2026-02-06 17:00:00,71.93702783710918,64.74027457425977,cust_000881
2026-02-06 18:00:00,32.52455617252081,74.63398206140883,cust_000882
2026-02-06 19:00:00,51.56315175693651,62.614581657140384,cust_000883
2026-02-06 20:00:00,48.10290354251943,55.82448449584921,cust_000884
2026-02-06 21:00:00,57.19689635182078,81.82089475978604,cust_000885
2026-02-06 22:00:00,62.476413410611684,61.532746797157614,cust_000886
2026-02-06 23:00:00,80.17148770514044,84.27766881706282,cust_000887
2026-02-07 00:00:00,53.58201810735227,73.39054196624352,cust_000888
2026-02-07 01:00:00,50.48250034819644,76.60765761084123,cust_000889
2026-02-07 02:00:00,37.08880218357757,57.85749452680281,cust_000890
2026-02-07 03:00:00,68.14995607609762,47.53201540391807,cust_000891
2026-02-07 04:00:00,33.28971743221981,40.58796903385925,cust_000892
2026-02-07 05:00:00,42.92715805718096,74.59329067711808,cust_000893
2026-02-07 06:00:00,28.94859367246771,74.59876994357839,cust_000894
2026-02-07 07:00:00,46.573577979572995,68.67098420266326,cust_000895
2026-02-07 08:00:00,56.25467128978917,48.88943890344743,cust_000896
2026-02-07 09:00:00,41.59833475353731,56.42009210727227,cust_000897
2026-02-07 10:00:00,70.36706122415005,83.41410425592065,cust_000898
2026-02-07 11:00:00,43.68675372671959,85.46413464204107,cust_000899
2026-02-07 12:00:00,30.20258581199938,52.36121191010803,cust_000900
2026-02-07 13:00:00,52.666147082478574,63.83881440753277,cust_000901
2026-02-07 14:00:00,51.431431726371855,62.456012224709916,cust_000902
2026-02-07 15:00:00,52.906057624714705,56.50611548996322,cust_000903
2026-02-07 16:00:00,52.342342897751344,51.75142329319472,cust_000904
2026-02-07 17:00:00,13.054485906202217,83.95190111124853,cust_000905
2026-02-07 18:00:00,42.73561937071816,57.7457030299884,cust_000906
2026-02-07 19:00:00,46.757380777061684,86.40190558805301,cust_000907
2026-02-07 20:00:00,29.23173794558409,44.94980552103302,cust_000908
2026-02-07 21:00:00,55.29276758237895,46.56219498012052,cust_000909
2026-02-07 22:00:00,54.39388883299296,89.04409036683059,cust_000910
2026-02-07 23:00:00,70.70513831765219,41.93603240337205,cust_000911
2026-02-08 00:00:00,55.97222629411962,71.79399219787058,cust_000912
2026-02-08 01:00:00,16.284034261794005,51.923436561271785,cust_000913
2026-02-08 02:00:00,67.99400190070078,81.54687323606213,cust_000914
2026-02-08 03:00:00,69.00100127983987,89.01804773755924,cust_000915
2026-02-08 04:00:00,54.44706853174868,40.02762010509277,cust_000916
2026-02-08 05:00:00,62.57684382714029,48.99669212100905,cust_000917
2026-02-08 06:00:00,53.824925807611734,69.51001902937998,cust_000918
2026-02-08 07:00:00,35.92729107598362,43.600830939762346,cust_000919
2026-02-08 08:00:00,61.76191690407618,102.34608218804973,cust_000920
2026-02-08 09:00:00,48.20956583762473,49.659243747868494,cust_000921
2026-02-08 10:00:00,48.02256520304664,42.35158361267399,cust_000922
2026-02-08 11:00:00,82.51529196164748,63.02651568969481,cust_000923
2026-02-08 12:00:00,51.37151714452286,51.66733032635112,cust_000924
2026-02-08 13:00:00,68.32866950375923,76.35919146488952,cust_000925
2026-02-08 14:00:00,60.60371677075958,89.20249444306737,cust_000926
2026-02-08 15:00:00,52.20896561140226,84.76349995998822,cust_000927
2026-02-08 16:00:00,48.29195665899364,61.223538466505545,cust_000928
2026-02-08 17:00:00,69.56766109795353,75.58644831001857,cust_000929
2026-02-08 18:00:00,40.66330868294536,49.78875599197214,cust_000930
2026-02-08 19:00:00,48.255101290121004,92.70162080844574,cust_000931
2026-02-08 20:00:00,72.9290406026542,76.74535186237317,cust_000932
2026-02-08 21:00:00,63.41815295174555,49.69761584842034,cust_000933
2026-02-08 22:00:00,51.095225800569956,53.36571134130406,cust_000934
2026-02-08 23:00:00,42.32674669908432,74.05487975667847,cust_000935
2026-02-09 00:00:00,29.345485047869126,48.34274426226962,cust_000936
2026-02-09 01:00:00,58.053820765950064,52.72908222393973,cust_000937
2026-02-09 02:00:00,67.2135592563123,76.36252354076552,cust_000938
2026-02-09 03:00:00,51.87139217525152,67.67893979079307,cust_000939
2026-02-09 04:00:00,65.6747618995415,107.67213337960897,cust_000940
2026-02-09 05:00:00,57.008360952084665,37.79777911205397,cust_000941
2026-02-09 06:00:00,51.06624039225323,80.83128053436921,cust_000942
2026-02-09 07:00:00,33.914835519038576,50.390439722557275,cust_000943
2026-02-09 08:00:00,41.07907105163363,45.3499914819611,cust_000944
2026-02-09 09:00:00,65.40277650149672,60.48172362113837,cust_000945
2026-02-09 10:00:00,75.74459780754816,75.48022676364954,cust_000946
2026-02-09 11:00:00,64.37365801352303,107.21624970354168,cust_000947
2026-02-09 12:00:00,29.163214318845803,46.82628907981238,cust_000948
2026-02-09 13:00:00,40.07069578474498,69.32574592367195,cust_000949
2026-02-09 14:00:00,48.9664985088581,57.42726169496869,cust_000950
2026-02-09 15:00:00,33.648302442860526,58.91023122001597,cust_000951
2026-02-09 16:00:00,30.470127250765913,34.18924583048904,cust_000952
2026-02-09 17:00:00,59.1559854447395,54.912626006077076,cust_000953
2026-02-09 18:00:00,63.51731551349032,41.482046244873985,cust_000954
2026-02-09 19:00:00,57.1125954675385,68.88068612931599,cust_000955
2026-02-09 20:00:00,70.84305857448346,62.03801393007155,cust_000956
2026-02-09 21:00:00,61.56614655139883,52.7354110693733,cust_000957
2026-02-09 22:00:00,75.18541331389281,102.14843246377879,cust_000958
2026-02-09 23:00:00,42.45787931403808,39.87846218649462,cust_000959
2026-02-10 00:00:00,60.34626235665827,65.9669686192262,cust_000960
2026-02-10 01:00:00,75.29929198136789,60.58195476428248,cust_000961
2026-02-10 02:00:00,54.055605984111146,125.0454127878277,cust_000962
2026-02-10 03:00:00,58.324495929722175,70.63795304820925,cust_000963
2026-02-10 04:00:00,39.26313456269567,62.0232238579345,cust_000964
2026-02-10 05:00:00,61.07004466101253,39.79605991349638,cust_000965
2026-02-10 06:00:00,35.059535151516535,83.87814553325991,cust_000966
2026-02-10 07:00:00,38.54972333357348,49.729933857297,cust_000967
2026-02-10 08:00:00,48.17326017937186,106.44426506858751,cust_000968
2026-02-10 09:00:00,35.39836381221976,91.51953674731635,cust_000969
2026-02-10 10:00:00,69.05832261195319,79.93317892614321,cust_000970
2026-02-10 11:00:00,63.51237766605702,91.69483914047156,cust_000971
2026-02-10 12:00:00,52.8805755236336,71.43875763375057,cust_000972
2026-02-10 13:00:00,56.52275740673704,62.40843500127381,cust_000973
2026-02-10 14:00:00,45.78285747573576,67.79143956248515,cust_000974
2026-02-10 15:00:00,67.98411189405189,47.3527745660458,cust_000975
2026-02-10 16:00:00,27.09057899200188,51.83807360952521,cust_000976
2026-02-10 17:00:00,72.90471169271454,81.05434677643957,cust_000977
2026-02-10 18:00:00,60.23575931572009,65.53335325279146,cust_000978
2026-02-10 19:00:00,56.47076391637647,9.961196538433661,cust_000979
2026-02-10 20:00:00,39.77441177986104,50.11728859858651,cust_000980
2026-02-10 21:00:00,50.689503250766776,88.90351065608478,cust_000981
2026-02-10 22:00:00,33.98134603465495,31.30698726162278,cust_000982
2026-02-10 23:00:00,57.207204753932395,71.97045954146641,cust_000983
2026-02-11 00:00:00,41.19735167639204,81.41415535886505,cust_000984
2026-02-11 01:00:00,66.497037555093,91.92671639983239,cust_000985
2026-02-11 02:00:00,54.53544061722087,32.55315565094293,cust_000986
2026-02-11 03:00:00,56.823687373598716,56.74509232741173,cust_000987
2026-02-11 04:00:00,61.433160654626434,36.84911975102437,cust_000988
2026-02-11 05:00:00,39.36688538052437,110.15697991011177,cust_000989
2026-02-11 06:00:00,44.72989148664659,17.25876053890243,cust_000990
2026-02-11 07:00:00,16.32525099220795,80.62377397163074,cust_000991
2026-02-11 08:00:00,54.8765711633987,48.126444965940955,cust_000992
2026-02-11 09:00:00,45.30657316331995,52.947303792935614,cust_000993
2026-02-11 10:00:00,42.453277061869066,77.4996587643672,cust_000994
2026-02-11 11:00:00,62.50309083214313,68.28078473111377,cust_000995
2026-02-11 12:00:00,56.28004934068529,53.92190453874494,cust_000996
2026-02-11 13:00:00,37.37507803707523,38.27192668080266,cust_000997
2026-02-11 14:00:00,26.640733906452894,48.15098045027701,cust_000998
2026-02-11 15:00:00,51.91229992538256,101.15377901150799,cust_000999
